{"stats":{"minecraft:broken":{"minecraft:iron_boots":1,"minecraft:iron_chestplate":1,"minecraft:stone_pickaxe":1,"minecraft:wooden_pickaxe":1,"minecraft:iron_pickaxe":1,"minecraft:iron_helmet":1,"magistuarmory:rustedbarbute":1,"magistuarmory:rustedchainmail_leggings":2},"minecraft:dropped":{"minecraft:iron_sword":1,"minecraft:moss_block":2,"minecraft:diamond_axe":2,"minecraft:spore_blossom":1,"minecraft:cooked_porkchop":11,"minecraft:glow_berries":2,"minecraft:leather":34,"minecraft:chest_minecart":1,"magistuarmory:rustednorman_helmet":1,"minecraft:iron_pickaxe":1,"minecraft:bone":10,"minecraft:gravel":8,"minecraft:stone_axe":1,"hangglider:hang_glider":1,"minecraft:cobbled_deepslate":18,"minecraft:detector_rail":4,"minecraft:pointed_dripstone":1,"minecraft:oak_planks":17,"minecraft:rotten_flesh":115,"magistuarmory:diamond_buckler":1,"scout:upgraded_pouch":2,"minecraft:white_bed":1,"graveyard:ghoul_spawn_egg":1,"minecraft:azalea":2,"minecraft:birch_door":2,"minecraft:enchanted_book":1,"magicmirror:magic_mirror":1,"minecraft:water_bucket":1,"minecraft:wheat_seeds":3,"scout:tanned_leather":4,"minecraft:diamond_leggings":2,"minecraft:oak_fence":9,"minecraft:cobblestone":66,"artifacts:whoopee_cushion":1,"fleshz:prepared_hide":1,"minecraft:tropical_fish":2,"minecraft:golden_apple":6,"minecraft:diorite":8,"scout:upgraded_satchel":1,"minecraft:diamond_helmet":2,"minecraft:iron_leggings":2,"torchesntrinkets:torch_belt":1,"fleshz:wood_rack":2,"artifacts:crystal_heart":1,"minecraft:pumpkin":3,"minecraft:iron_axe":3,"minecraft:chainmail_leggings":1,"minecraft:iron_shovel":2,"minecraft:string":64,"minecraft:bucket":1,"minecraft:spruce_sapling":3,"simplyswords:toxic_longsword":1,"artifacts:kitty_slippers":1,"soulsweapons:sting":1,"minecraft:clay_ball":4,"artifacts:flame_pendant":2,"magistuarmory:diamond_concavehalberd":2,"minecraft:shield":1,"minecraft:flower_pot":1,"minecraft:diamond_chestplate":1,"minecraft:spruce_planks":12,"minecraft:diamond_pickaxe":2,"minecraft:andesite":36,"minecraft:iron_chestplate":1,"artifacts:pocket_piston":2,"minecraft:diamond_boots":2,"artifacts:cross_necklace":2,"minecraft:stone_pickaxe":1,"minecraft:bow":2,"minecraft:calcite":4,"minecraft:black_wool":1},"minecraft:killed_by":{"minecraft:creeper":1,"minecraft:cave_spider":1,"minecraft:zombie":30,"graveyard:wraith":4,"minecraft:spider":4,"minecraft:enderman":2,"minecraft:skeleton":4,"graveyard:corrupted_vindicator":1},"minecraft:custom":{"minecraft:interact_with_crafting_table":161,"minecraft:open_barrel":72,"minecraft:leave_game":16,"minecraft:time_since_death":65015,"minecraft:sprint_one_cm":1369437,"minecraft:damage_blocked_by_shield":45,"minecraft:drop":113,"minecraft:play_noteblock":1,"minecraft:talked_to_villager":3,"minecraft:play_time":913272,"minecraft:deaths":50,"minecraft:jump":10309,"minecraft:interact_with_brewingstand":2,"minecraft:walk_on_water_one_cm":112207,"minecraft:enchant_item":27,"minecraft:interact_with_furnace":338,"minecraft:sleep_in_bed":10,"minecraft:damage_dealt":75263,"minecraft:player_kills":1,"minecraft:crouch_one_cm":136815,"minecraft:interact_with_smoker":55,"minecraft:use_cauldron":3,"minecraft:interact_with_smithing_table":12,"minecraft:interact_with_anvil":27,"minecraft:mob_kills":368,"minecraft:interact_with_campfire":24,"minecraft:climb_one_cm":3049,"minecraft:walk_one_cm":1451119,"minecraft:sneak_time":46774,"minecraft:walk_under_water_one_cm":69153,"minecraft:boat_one_cm":131980,"minecraft:interact_with_blast_furnace":32,"minecraft:total_world_time":913272,"minecraft:interact_with_grindstone":9,"minecraft:time_since_rest":57543,"minecraft:damage_taken":26144,"minecraft:damage_absorbed":2926,"minecraft:trigger_trapped_chest":1,"minecraft:swim_one_cm":176595,"minecraft:fly_one_cm":2617447,"minecraft:open_chest":729,"minecraft:aviate_one_cm":1387175,"minecraft:fall_one_cm":231937},"minecraft:killed":{"minecraft:cave_spider":4,"minecraft:witch":1,"graveyard:skeleton_creeper":2,"minecraft:spider":21,"graveyard:wraith":6,"minecraft:skeleton":51,"minecraft:guardian":2,"graveyard:acolyte":1,"minecraft:chicken":8,"minecraft:tropical_fish":1,"artifacts:mimic":6,"minecraft:pig":15,"minecraft:creeper":13,"minecraft:sheep":24,"minecraft:zombie":113,"graveyard:corrupted_pillager":2,"minecraft:cow":23,"graveyard:corrupted_vindicator":34,"mobcatalog:stonemaw":3,"minecraft:phantom":2,"minecraft:drowned":4,"graveyard:ghoul":6,"minecraft:bat":1,"minecraft:hoglin":2,"adventurez:deer":3,"minecraft:wither_skeleton":3,"minecraft:villager":1,"minecraft:enderman":4},"minecraft:picked_up":{"minecraft:birch_door":1,"minecraft:wheat":1,"minecraft:anvil":3,"minecraft:flower_pot":1,"minecraft:smithing_table":3,"soulsweapons:moonstone":26,"magicmirror:magic_mirror":1,"minecraft:string":96,"minecraft:raw_copper":102,"minecraft:iron_leggings":1,"minecraft:deepslate_tiles":8,"minecraft:diamond_leggings":1,"minecraft:red_sand":112,"minecraft:gold_nugget":3,"minecraft:cobbled_deepslate":434,"bosses_of_mass_destruction:soul_star":3,"minecraft:spruce_planks":19,"minecraft:calcite":197,"minecraft:azalea":3,"fleshz:rotten_leather":23,"minecraft:furnace":9,"minecraft:stick":82,"minecraft:composter":1,"minecraft:oak_fence":5,"minecraft:green_bed":1,"minecraft:torch":121,"minecraft:porkchop":29,"magistuarmory:rusted_heavymace":1,"minecraft:pointed_dripstone":33,"minecraft:diorite":8,"minecraft:zombie_spawn_egg":7,"minecraft:rotten_flesh":176,"minecraft:tropical_fish":2,"minecraft:cow_spawn_egg":5,"minecraft:obsidian":4,"minecraft:iron_bars":6,"minecraft:cobblestone":654,"minecraft:cave_spider_spawn_egg":1,"minecraft:magma_block":8,"minecraft:black_bed":1,"minecraft:feather":4,"minecraft:cooked_beef":1,"minecraft:iron_door":5,"minecraft:water_bucket":1,"minecraft:andesite":143,"minecraft:brown_wool":1,"minecraft:smoker":2,"minecraft:flint":28,"minecraft:tuff":63,"graveyard:dark_iron_door":2,"artifacts:flame_pendant":2,"minecraft:lapis_lazuli":282,"minecraft:dirt":13,"minecraft:glass":7,"minecraft:chipped_anvil":1,"minecraft:bone":69,"minecraft:bow":7,"minecraft:cobbled_deepslate_wall":1,"minecraft:wheat_seeds":7,"minecraft:raw_gold":98,"adventurez:raw_venison":5,"minecraft:cobbled_deepslate_slab":4,"minecraft:grindstone":1,"minecraft:bamboo":1,"minecraft:diamond_helmet":1,"minecraft:glowstone_dust":1,"minecraft:moss_block":6,"minecraft:oak_planks":143,"fleshz:wood_rack":15,"minecraft:sheep_spawn_egg":2,"minecraft:cooked_porkchop":5,"simplyswords:toxic_longsword":1,"artifacts:rooted_boots":1,"minecraft:cyan_bed":1,"minecraft:skeleton_spawn_egg":2,"scout:tanned_leather":26,"minecraft:diamond":153,"minecraft:spruce_boat":8,"minecraft:lever":1,"artifacts:crystal_heart":1,"minecraft:polished_blackstone_button":2,"graveyard:corrupted_vindicator_spawn_egg":1,"minecraft:spruce_button":1,"soulsweapons:verglas":11,"minecraft:emerald":16,"minecraft:bread":3,"minecraft:oak_sapling":25,"minecraft:diamond_pickaxe":1,"minecraft:charcoal":2,"minecraft:crafting_table":14,"minecraft:coarse_dirt":2,"minecraft:allium":1,"minecraft:chicken":7,"minecraft:clay_ball":140,"minecraft:chest_minecart":2,"minecraft:leather_leggings":1,"minecraft:spider_spawn_egg":2,"minecraft:red_bed":2,"minecraft:moss_carpet":5,"minecraft:iron_axe":1,"soulsweapons:sting":1,"minecraft:iron_shovel":1,"minecraft:blackstone":34,"graveyard:corruption":41,"minecraft:detector_rail":6,"minecraft:beef":43,"fleshz:hide":42,"minecraft:poppy":1,"minecraft:iron_nugget":14,"minecraft:light_gray_wool":2,"minecraft:sugar_cane":652,"minecraft:chest":1,"minecraft:piston":1,"minecraft:egg":6,"minecraft:phantom_membrane":2,"plushies:ravager_plushie":1,"minecraft:raw_iron":174,"magistuarmory:rustedbarbute":1,"minecraft:note_block":1,"minecraft:stone_button":2,"minecraft:redstone":100,"minecraft:tnt":1,"minecraft:arrow":48,"minecraft:beetroot_seeds":4,"minecraft:yellow_terracotta":30,"artifacts:cross_necklace":1,"artifacts:pocket_piston":2,"minecraft:glow_berries":9,"minecraft:mutton":40,"minecraft:rail":10,"minecraft:white_wool":22,"minecraft:cracked_deepslate_tiles":2,"minecraft:netherite_boots":1,"magistuarmory:rustedhalfarmor_chestplate":1,"minecraft:birch_planks":21,"minecraft:oak_log":57,"minecraft:yellow_bed":1,"minecraft:gunpowder":7,"minecraft:blue_bed":1,"minecraft:spawner":2,"minecraft:apple":1,"minecraft:spore_blossom":1,"minecraft:iron_ingot":30,"artifacts:whoopee_cushion":1,"minecraft:cooked_chicken":1,"minecraft:cobweb":7,"artifacts:kitty_slippers":1,"minecraft:soul_sand":1,"minecraft:smooth_basalt":63,"minecraft:sweet_berries":45,"minecraft:pumpkin":4,"minecraft:gravel":99,"magistuarmory:rustednorman_helmet":2,"minecraft:spruce_sapling":107,"minecraft:blast_furnace":3,"minecraft:white_bed":4,"minecraft:spruce_log":218,"magistuarmory:rustedchainmail_leggings":5,"minecraft:spider_eye":6,"magistuarmory:diamond_concavehalberd":1,"graveyard:ghoul_spawn_egg":1,"minecraft:diamond_axe":3,"minecraft:gray_wool":3,"minecraft:baked_potato":1,"minecraft:black_wool":2,"minecraft:coal":48,"minecraft:ender_pearl":1},"minecraft:mined":{"minerally:deepslate_gold_pile_0":7,"minerally:deepslate_emerald_crystal_0":3,"minerally:diamond_crystal":1,"minerally:deepslate_gold_pile_1":7,"minecraft:spruce_planks":14,"minecraft:white_bed":4,"minerally:deepslate_emerald_crystal_1":3,"minerally:deepslate_diamond_crystal_0":8,"minerally:copper_rock":2,"minecraft:obsidian":4,"minecraft:cave_vines_plant":2,"minecraft:red_sand":117,"minecraft:grass_block":2,"graveyard:dark_iron_door":2,"minecraft:composter":1,"minecraft:spawner":6,"minerally:deepslate_copper_pile_0":2,"minecraft:magma_block":8,"minecraft:cobbled_deepslate":22,"minecraft:iron_ore":49,"minecraft:fire":4,"minerally:coal_rock":8,"minecraft:moss_carpet":2,"minecraft:anvil":3,"minecraft:deepslate_lapis_ore":21,"minerally:iron_pile_1":1,"minecraft:pointed_dripstone":22,"minecraft:cave_vines":7,"minerally:deepslate_coal_pile_0":2,"minecraft:iron_bars":7,"minerally:diamond_rock":5,"minerally:deepslate_diamond_crystal_1":8,"minecraft:azalea":4,"minecraft:green_bed":1,"minecraft:piston_head":1,"minerally:deepslate_redstone_pile_0":1,"minecraft:deepslate_redstone_ore":17,"minecraft:red_bed":2,"minerally:deepslate_redstone_pile":1,"minecraft:blackstone":34,"soulsweapons:verglas_ore_deepslate":11,"minecraft:smoker":2,"minerally:iron_pile":2,"plushies:ravager_plushie":1,"minecraft:clay":26,"minecraft:torch":27,"minecraft:note_block":1,"minecraft:blast_furnace":3,"minecraft:calcite":246,"minerally:deepslate_coal_pile_1":2,"minecraft:chest":1,"minerally:deepslate_emerald_crystal":3,"minerally:deepslate_copper_pile":2,"minecraft:glass":7,"minecraft:cobblestone":6,"minerally:iron_pile_0":2,"minecraft:sugar_cane":386,"minerally:lapis_pile":2,"minecraft:cyan_bed":1,"minecraft:grindstone":1,"minecraft:oak_planks":112,"minecraft:iron_door":4,"minecraft:wall_torch":59,"minecraft:deepslate_copper_ore":9,"minerally:deepslate_geode":2,"minecraft:black_bed":1,"minecraft:tnt":2,"minecraft:grass":24,"minecraft:cracked_deepslate_tiles":2,"minecraft:oak_log":66,"minecraft:dirt":11,"minerally:deepslate_copper_pile_1":2,"minecraft:smooth_basalt":64,"minerally:gold_pile":1,"fleshz:wood_rack":9,"minecraft:deepslate":448,"minecraft:yellow_terracotta":31,"minecraft:deepslate_tiles":8,"minecraft:tuff":64,"minecraft:deepslate_diamond_ore":101,"minecraft:lever":1,"minecraft:dark_oak_fence":1,"minecraft:cobbled_deepslate_slab":3,"graveyard:tg_deepslate":3,"minecraft:spruce_fence":1,"minerally:deepslate_iron_pile_1":1,"minerally:lapis_pile_1":2,"minecraft:spruce_leaves":10,"minecraft:potted_bamboo":1,"minecraft:moss_block":8,"minerally:deepslate_lapis_pile_0":4,"minecraft:large_fern":7,"minerally:deepslate_lapis_pile":4,"minecraft:redstone_ore":4,"minerally:redstone_pile_0":1,"minerally:deepslate_diamond_crystal":8,"minecraft:spruce_sapling":1,"minecraft:furnace":9,"minecraft:polished_blackstone_button":2,"minerally:copper_pile":1,"minerally:redstone_pile_1":1,"minecraft:andesite":149,"minerally:deepslate_iron_pile":1,"minerally:deepslate_iron_pile_0":1,"soulsweapons:moonstone_ore_deepslate":21,"minecraft:deepslate_iron_ore":95,"minerally:deepslate_gold_pile":7,"minecraft:rail":3,"minerally:copper_pile_0":1,"minecraft:stone":804,"minecraft:smithing_table":3,"minecraft:flowering_azalea":1,"minerally:gold_pile_1":1,"minecraft:soul_sand":1,"minerally:deepslate_redstone_pile_1":1,"minecraft:oak_fence":5,"minecraft:crafting_table":14,"minerally:redstone_pile":1,"minerally:diamond_crystal_0":1,"minecraft:lapis_ore":8,"minecraft:campfire":1,"minerally:gold_pile_0":1,"minecraft:copper_ore":13,"minecraft:tall_grass":8,"minecraft:deepslate_coal_ore":2,"minerally:copper_pile_1":1,"minecraft:deepslate_gold_ore":56,"minerally:lapis_rock":3,"minecraft:diorite":4,"minecraft:blue_bed":1,"minerally:gold_rock":6,"minecraft:coarse_dirt":3,"minecraft:ice":4,"minecraft:spruce_log":219,"minerally:iron_rock":3,"minerally:deepslate_coal_pile":2,"minecraft:yellow_bed":1,"minerally:emerald_rock":2,"minecraft:coal_ore":31,"minerally:lapis_pile_0":2,"minecraft:dripstone_block":3,"minecraft:gravel":128,"minecraft:cobweb":67,"minecraft:gold_ore":2,"minecraft:chipped_anvil":1,"minerally:diamond_crystal_1":1,"minerally:deepslate_lapis_pile_1":3,"minecraft:fern":7},"minecraft:used":{"minecraft:moss_block":4,"minecraft:red_sand":117,"minecraft:iron_shovel":167,"minecraft:elytra":1,"minecraft:chest":14,"minecraft:zombie_spawn_egg":5,"minecraft:soul_sand":1,"simplyswords:diamond_sai":47,"minecraft:deepslate_tile_slab":3,"minecraft:spruce_boat":9,"minecraft:polished_blackstone_slab":2,"minecraft:glass":32,"minecraft:lava_bucket":2,"graveyard:corrupted_vindicator_spawn_egg":1,"minecraft:iron_helmet":1,"minecraft:bow":10,"minecraft:magma_block":1,"minecraft:sweet_berries":2,"minecraft:furnace":14,"minecraft:polished_diorite_stairs":17,"minecraft:egg":1,"minecraft:cow_spawn_egg":4,"minecraft:diamond_boots":1,"plushies:ravager_plushie":2,"adventurez:cooked_venison":5,"minecraft:stone_pickaxe":178,"minecraft:oak_planks":303,"minecraft:blackstone":226,"minecraft:wooden_pickaxe":59,"minecraft:composter":1,"simplyswords:diamond_halberd":65,"minecraft:sugar_cane":91,"minecraft:diamond_axe":51,"minecraft:smooth_quartz_stairs":4,"minecraft:golden_apple":51,"minecraft:glow_berries":31,"minecraft:yellow_terracotta":8,"minecraft:blast_furnace":3,"minecraft:note_block":1,"eldritch_end:primordial_boat":1,"minecraft:lever":1,"minecraft:firework_rocket":55,"minecraft:bread":10,"minecraft:cyan_bed":1,"minecraft:stone_button":2,"graveyard:ghoul_spawn_egg":3,"minecraft:iron_door":7,"minecraft:gravel":41,"graveyard:dark_iron_door":2,"minecraft:grindstone":1,"minecraft:smithing_table":3,"minecraft:oak_fence":19,"minecraft:bone_meal":43,"simplyswords:toxic_longsword":1,"minecraft:cobweb":17,"soulsweapons:sting":1073,"minecraft:diorite_stairs":5,"minecraft:iron_bars":5,"minecraft:enchanting_table":2,"minecraft:polished_blackstone_brick_slab":12,"minecraft:stone_sword":49,"minecraft:flint_and_steel":8,"minecraft:stone_shovel":24,"morebows:diamond_bow":338,"minecraft:spruce_planks":39,"minecraft:cooked_chicken":2,"minecraft:torch":150,"minecraft:dirt":2,"minecraft:anvil":2,"minecraft:birch_door":1,"minecraft:chipped_anvil":1,"minecraft:bookshelf":12,"minecraft:iron_axe":199,"minecraft:spruce_button":3,"minecraft:spawner":1,"simplyswords:diamond_greathammer":16,"soulsweapons:guts_sword":271,"minecraft:smooth_basalt":5,"minecraft:cooked_beef":55,"minecraft:cobbled_deepslate":148,"minecraft:iron_leggings":1,"minecraft:pointed_dripstone":1,"minecraft:calcite":539,"minecraft:cooked_mutton":10,"minecraft:water_bucket":89,"minecraft:baked_potato":17,"minecraft:cauldron":1,"minecraft:sheep_spawn_egg":2,"minecraft:polished_blackstone_pressure_plate":4,"minecraft:red_bed":2,"minecraft:crafting_table":17,"minecraft:campfire":2,"minecraft:white_bed":7,"minecraft:cod":10,"minecraft:smoker":2,"minecraft:piston":1,"minecraft:diamond_pickaxe":1685,"minecraft:iron_pickaxe":738,"minecraft:spruce_trapdoor":2,"minecraft:spruce_sapling":28,"minecraft:stone_axe":24,"minecraft:cobblestone":3,"fleshz:wood_rack":30,"minecraft:cooked_porkchop":23,"minecraft:bucket":94,"minecraft:yellow_bed":1,"minecraft:polished_blackstone_button":6},"minecraft:crafted":{"minecraft:grindstone":1,"minecraft:oak_planks":216,"scout:satchel":2,"hangglider:hang_glider":1,"fleshz:rotten_leather":58,"minecraft:cooked_chicken":7,"minecraft:stone":11,"minecraft:lever":1,"minecraft:bookshelf":12,"spawnermod:spawner_key":1,"minecraft:cooked_mutton":40,"minecraft:polished_blackstone_button":4,"minecraft:glass":38,"minecraft:diamond_helmet":5,"fleshz:wood_rack":26,"minecraft:diamond_leggings":3,"minecraft:iron_boots":1,"plushies:ravager_plushie":1,"minecraft:polished_blackstone":12,"minecraft:chest":4,"minecraft:iron_door":3,"minecraft:birch_door":3,"minecraft:oak_fence":24,"magicmirror:magic_mirror":1,"minecraft:oak_slab":30,"fleshz:prepared_hide":129,"minecraft:arrow":4,"minecraft:cauldron":1,"minecraft:cooked_porkchop":29,"minecraft:crafting_table":3,"minecraft:spruce_planks":72,"minecraft:wooden_pickaxe":1,"minecraft:iron_helmet":1,"minecraft:copper_ingot":81,"minecraft:campfire":2,"scout:pouch":4,"minecraft:spruce_trapdoor":2,"minecraft:iron_chestplate":2,"minecraft:book":48,"minecraft:paper":120,"minecraft:diamond_pickaxe":3,"minecraft:shield":1,"minecraft:stone_slab":6,"minecraft:stick":28,"minecraft:iron_ingot":180,"minecraft:iron_pickaxe":2,"minecraft:iron_block":7,"minecraft:stone_sword":1,"minecraft:gold_ingot":63,"simplyswords:diamond_halberd":1,"morebows:diamond_bow":1,"simplyswords:diamond_sai":1,"minecraft:composter":1,"scout:satchel_strap":4,"hangglider:glider_framework":1,"minecraft:stone_shovel":1,"soulsweapons:guts_sword":1,"simplyswords:diamond_greathammer":1,"minecraft:iron_nugget":18,"minecraft:furnace":4,"minecraft:stone_button":5,"minecraft:piston":1,"minecraft:polished_blackstone_pressure_plate":4,"hangglider:glider_wing":2,"minecraft:flint_and_steel":1,"immersive_melodies:piano":1,"scout:upgraded_pouch":1,"minecraft:iron_axe":2,"magistuarmory:steel_ingot":2,"minecraft:spruce_slab":60,"minecraft:stone_pickaxe":2,"minecraft:diamond_boots":5,"magistuarmory:diamond_buckler":2,"minecraft:spruce_boat":1,"minecraft:cooked_beef":45,"minecraft:sugar":393,"minecraft:enchanting_table":1,"magistuarmory:rustedchainmail_leggings":1,"minecraft:bucket":4,"minecraft:stone_axe":1,"minecraft:air":0,"minecraft:bread":6,"torchesntrinkets:torch_belt":2,"minecraft:iron_shovel":1,"minecraft:iron_leggings":2,"minecraft:white_bed":2,"scout:upgraded_satchel":2,"minecraft:note_block":3,"soulsweapons:sting":1,"minecraft:torch":16,"minecraft:diamond_chestplate":4,"adventurez:cooked_venison":5}},"DataVersion":3465}