{"stats":{"minecraft:broken":{"minecraft:diamond_helmet":1,"minecraft:iron_boots":1,"minecraft:iron_chestplate":1,"minecraft:wooden_pickaxe":1,"minecraft:iron_pickaxe":1,"minecraft:iron_helmet":1,"magistuarmory:rustedbarbute":1,"magistuarmory:rustedchainmail_leggings":2,"minecraft:stone_pickaxe":1},"minecraft:dropped":{"minecraft:iron_sword":1,"minecraft:diamond":31,"minecraft:spore_blossom":1,"minecraft:cooked_porkchop":11,"minecraft:glow_berries":2,"minecraft:iron_pickaxe":1,"minecraft:bone":10,"minecraft:stone_axe":1,"minecraft:detector_rail":4,"minecraft:cobbled_deepslate":18,"minecraft:rotten_flesh":126,"minecraft:oak_planks":17,"scout:upgraded_pouch":2,"minecraft:white_bed":1,"graveyard:ghoul_spawn_egg":1,"minecraft:enchanted_book":1,"morebows:diamond_bow":1,"minecraft:wheat_seeds":3,"minecraft:smooth_quartz_stairs":1,"scout:tanned_leather":4,"minecraft:oak_fence":9,"minecraft:cobblestone":66,"artifacts:whoopee_cushion":1,"fleshz:prepared_hide":1,"minecraft:golden_apple":6,"scout:upgraded_satchel":1,"minecraft:diamond_helmet":2,"minecraft:pumpkin":3,"minecraft:iron_shovel":2,"minecraft:chainmail_leggings":1,"minecraft:string":64,"minecraft:spruce_sapling":3,"minecraft:clay_ball":4,"minecraft:stone_slab":1,"minecraft:flower_pot":1,"minecraft:spruce_planks":12,"minecraft:diamond_pickaxe":2,"minecraft:bow":3,"minecraft:black_wool":1,"minecraft:moss_block":2,"minecraft:diamond_axe":2,"simplyswords:diamond_halberd":1,"minecraft:leather":34,"minecraft:chest_minecart":1,"magistuarmory:rustednorman_helmet":1,"minecraft:gravel":8,"hangglider:hang_glider":1,"minecraft:pointed_dripstone":1,"magistuarmory:diamond_buckler":1,"minecraft:birch_door":7,"minecraft:azalea":2,"magicmirror:magic_mirror":1,"minecraft:water_bucket":1,"minecraft:diamond_leggings":2,"minecraft:tropical_fish":2,"minecraft:diorite":8,"torchesntrinkets:torch_belt":1,"minecraft:iron_leggings":2,"artifacts:crystal_heart":1,"fleshz:wood_rack":2,"minecraft:iron_axe":3,"minecraft:bucket":1,"simplyswords:toxic_longsword":1,"artifacts:kitty_slippers":1,"soulsweapons:sting":1,"artifacts:flame_pendant":2,"magistuarmory:diamond_concavehalberd":2,"minecraft:shield":1,"minecraft:diamond_chestplate":1,"minecraft:iron_chestplate":1,"minecraft:andesite":36,"artifacts:pocket_piston":2,"artifacts:cross_necklace":2,"minecraft:diamond_boots":2,"minecraft:stone_pickaxe":1,"minecraft:calcite":4},"minecraft:killed_by":{"graveyard:acolyte":1,"minecraft:zombie":30,"minecraft:husk":1,"minecraft:creeper":1,"minecraft:cave_spider":1,"graveyard:wraith":4,"minecraft:spider":4,"minecraft:enderman":2,"minecraft:skeleton":4,"graveyard:corrupted_vindicator":4},"minecraft:custom":{"minecraft:interact_with_crafting_table":174,"minecraft:open_barrel":86,"minecraft:leave_game":16,"minecraft:time_since_death":30626,"minecraft:damage_blocked_by_shield":93,"minecraft:play_time":1045272,"minecraft:deaths":55,"minecraft:jump":11697,"minecraft:enchant_item":33,"minecraft:interact_with_furnace":346,"minecraft:sleep_in_bed":10,"minecraft:damage_dealt":87088,"minecraft:interact_with_smoker":58,"minecraft:use_cauldron":4,"minecraft:interact_with_smithing_table":12,"minecraft:interact_with_anvil":28,"minecraft:sneak_time":53955,"minecraft:interact_with_blast_furnace":56,"minecraft:total_world_time":1045272,"minecraft:time_since_rest":30755,"minecraft:swim_one_cm":212589,"minecraft:fly_one_cm":2922442,"minecraft:open_chest":895,"minecraft:fall_one_cm":256128,"minecraft:animals_bred":1,"minecraft:sprint_one_cm":1580910,"minecraft:drop":132,"minecraft:play_noteblock":1,"minecraft:talked_to_villager":12,"minecraft:interact_with_brewingstand":2,"minecraft:walk_on_water_one_cm":185327,"minecraft:interact_with_loom":2,"minecraft:player_kills":1,"minecraft:crouch_one_cm":156652,"minecraft:mob_kills":506,"minecraft:interact_with_campfire":24,"minecraft:climb_one_cm":7897,"minecraft:walk_one_cm":1719152,"minecraft:walk_under_water_one_cm":102114,"minecraft:boat_one_cm":131980,"minecraft:interact_with_grindstone":12,"minecraft:damage_taken":28754,"minecraft:damage_absorbed":3326,"minecraft:trigger_trapped_chest":1,"minecraft:aviate_one_cm":1387175},"minecraft:killed":{"minecraft:cave_spider":4,"graveyard:wraith":7,"minecraft:skeleton":53,"minecraft:guardian":4,"graveyard:acolyte":2,"minecraft:chicken":8,"minecraft:tropical_fish":1,"minecraft:zombie":136,"minecraft:cow":23,"graveyard:corrupted_vindicator":41,"minecraft:husk":30,"graveyard:ghoul":6,"minecraft:wandering_trader":1,"minecraft:frog":1,"adventurez:deer":3,"minecraft:enderman":4,"minecraft:witch":1,"graveyard:skeleton_creeper":2,"minecraft:spider":22,"artifacts:mimic":6,"minecraft:pig":15,"minecraft:creeper":14,"minecraft:sheep":24,"minecraft:trader_llama":2,"graveyard:corrupted_pillager":10,"mobcatalog:stonemaw":3,"minecraft:phantom":41,"minecraft:drowned":4,"minecraft:bat":1,"minecraft:hoglin":2,"minecraft:wither_skeleton":3,"minecraft:villager":1},"minecraft:picked_up":{"minecraft:birch_door":6,"minecraft:flower_pot":2,"minecraft:anvil":3,"minecraft:smithing_table":3,"minecraft:lead":2,"minecraft:stone_slab":1,"magicmirror:magic_mirror":1,"minecraft:string":104,"minecraft:diamond_leggings":1,"minecraft:gold_nugget":3,"minecraft:cobbled_deepslate":441,"bosses_of_mass_destruction:soul_star":5,"minecraft:spruce_planks":19,"minecraft:written_book":1,"fleshz:rotten_leather":23,"minecraft:composter":1,"minecraft:green_bed":1,"magistuarmory:rusted_heavymace":1,"minecraft:yellow_banner":2,"minecraft:zombie_spawn_egg":8,"minecraft:phantom_spawn_egg":8,"minecraft:light_gray_bed":1,"minecraft:tropical_fish":16,"minecraft:cow_spawn_egg":5,"minecraft:bookshelf":30,"minecraft:iron_bars":7,"minecraft:cave_spider_spawn_egg":1,"minecraft:magma_block":8,"minecraft:feather":4,"minecraft:cooked_beef":1,"minecraft:iron_door":5,"minecraft:water_bucket":1,"minecraft:brown_wool":1,"minecraft:smoker":2,"minecraft:flint":41,"minecraft:chipped_anvil":1,"minecraft:diamond_helmet":1,"minecraft:glowstone_dust":1,"minecraft:moss_block":6,"fleshz:wood_rack":15,"minecraft:sheep_spawn_egg":2,"minecraft:loom":3,"scout:tanned_leather":26,"artifacts:crystal_heart":1,"minecraft:lever":1,"minecraft:spruce_button":1,"minecraft:bread":3,"minecraft:jack_o_lantern":2,"minecraft:diamond_pickaxe":1,"minecraft:coarse_dirt":7,"minecraft:crafting_table":14,"minecraft:clay_ball":140,"minecraft:leather_leggings":1,"minecraft:spider_spawn_egg":2,"minecraft:red_bed":2,"minecraft:iron_shovel":1,"minecraft:cracked_stone_bricks":1,"minecraft:beef":43,"minecraft:iron_nugget":14,"minecraft:poppy":1,"minecraft:chest":1,"minecraft:piston":1,"minecraft:egg":6,"minecraft:stone":87,"magistuarmory:rustedbarbute":1,"graveyard:dark_iron_bars":2,"minecraft:carrot":1,"minecraft:redstone":100,"minecraft:tnt":1,"minecraft:beetroot_seeds":4,"minecraft:peony":1,"minecraft:yellow_terracotta":30,"artifacts:pocket_piston":2,"minecraft:mutton":40,"minecraft:glow_berries":9,"minecraft:white_wool":22,"minecraft:rail":17,"magistuarmory:rustedhalfarmor_chestplate":1,"minecraft:oak_log":57,"minecraft:blue_bed":1,"minecraft:spawner":5,"minecraft:apple":1,"minecraft:stone_bricks":1,"minecraft:spore_blossom":1,"minecraft:cobweb":7,"minecraft:iron_ore":7,"minecraft:smooth_basalt":72,"minecraft:sweet_berries":45,"minecraft:gravel":165,"magistuarmory:rustednorman_helmet":2,"minecraft:spruce_sapling":107,"minecraft:spruce_log":218,"magistuarmory:rustedchainmail_leggings":5,"minecraft:crying_obsidian":7,"minecraft:husk_spawn_egg":2,"minecraft:diamond_axe":3,"minecraft:gray_wool":3,"minecraft:baked_potato":1,"minecraft:ender_pearl":1,"minecraft:wheat":39,"soulsweapons:moonstone":26,"minecraft:stone_brick_stairs":1,"minecraft:raw_copper":168,"minecraft:iron_leggings":1,"minecraft:deepslate_tiles":11,"minecraft:red_sand":112,"minecraft:calcite":242,"minecraft:azalea":3,"minecraft:smooth_quartz_stairs":1,"minecraft:furnace":9,"minecraft:stick":82,"minecraft:oak_fence":5,"minecraft:torch":126,"minecraft:porkchop":29,"minecraft:pointed_dripstone":33,"minecraft:diorite":8,"minecraft:rotten_flesh":256,"minecraft:obsidian":32,"morebows:diamond_bow":1,"minecraft:cobblestone":1128,"minecraft:andesite":143,"minecraft:black_bed":1,"minecraft:tuff":63,"graveyard:dark_iron_door":2,"minecraft:dirt":13,"artifacts:flame_pendant":2,"minecraft:wither_skeleton_skull":1,"minecraft:lapis_lazuli":416,"minecraft:glass":11,"minecraft:bone":86,"minecraft:bow":8,"minecraft:wheat_seeds":106,"minecraft:cobbled_deepslate_wall":1,"adventurez:raw_venison":5,"minecraft:raw_gold":98,"minecraft:cobbled_deepslate_slab":4,"minecraft:grindstone":1,"minecraft:bamboo":1,"minecraft:powered_rail":1,"minecraft:oak_planks":143,"minecraft:mossy_stone_brick_stairs":1,"artifacts:rooted_boots":1,"minecraft:cooked_porkchop":5,"simplyswords:toxic_longsword":1,"minecraft:cyan_bed":1,"minecraft:skeleton_spawn_egg":2,"minecraft:diamond":153,"minecraft:spruce_boat":8,"minecraft:polished_blackstone_button":3,"minecraft:crossbow":1,"graveyard:corrupted_vindicator_spawn_egg":1,"soulsweapons:verglas":11,"minecraft:emerald":16,"minecraft:oak_sapling":25,"minecraft:charcoal":2,"minecraft:allium":1,"minecraft:chicken":7,"minecraft:chest_minecart":2,"minecraft:gold_block":1,"minecraft:moss_carpet":5,"minecraft:iron_axe":1,"soulsweapons:sting":1,"minecraft:blackstone":40,"graveyard:corruption":52,"minecraft:detector_rail":6,"fleshz:hide":42,"minecraft:player_head":1,"minecraft:light_gray_wool":2,"minecraft:lectern":2,"minecraft:sugar_cane":664,"minecraft:phantom_membrane":22,"plushies:ravager_plushie":1,"minecraft:raw_iron":188,"minecraft:note_block":1,"minecraft:stone_button":2,"minecraft:arrow":52,"artifacts:cross_necklace":1,"minecraft:cracked_deepslate_tiles":2,"minecraft:netherite_boots":1,"minecraft:leather":1,"minecraft:birch_planks":21,"minecraft:yellow_bed":1,"minecraft:gunpowder":9,"minecraft:iron_ingot":31,"artifacts:whoopee_cushion":1,"minecraft:cooked_chicken":1,"artifacts:kitty_slippers":1,"minecraft:soul_sand":1,"minecraft:warped_fungus":1,"minecraft:pumpkin":16,"minecraft:blast_furnace":3,"minecraft:white_bed":4,"minecraft:spider_eye":7,"minecraft:pumpkin_seeds":1,"minecraft:campfire":2,"magistuarmory:diamond_concavehalberd":1,"graveyard:ghoul_spawn_egg":1,"minecraft:black_wool":2,"minecraft:coal":127},"minecraft:mined":{"minecraft:red_nether_brick_slab":1,"minecraft:white_bed":4,"minerally:deepslate_diamond_crystal_0":8,"minecraft:obsidian":32,"minecraft:red_sand":117,"minecraft:light_gray_bed":1,"minecraft:spawner":11,"minecraft:potted_warped_fungus":1,"graveyard:wither_skull_with_rib_cage":1,"minecraft:magma_block":8,"minecraft:fire":4,"minecraft:cobbled_deepslate":22,"minecraft:moss_carpet":2,"minecraft:pumpkin":12,"minecraft:deepslate_lapis_ore":29,"minecraft:cave_vines":7,"minerally:deepslate_diamond_crystal_1":8,"minecraft:player_head":2,"minecraft:piston_head":1,"minecraft:red_bed":2,"soulsweapons:verglas_ore_deepslate":11,"minecraft:smoker":2,"plushies:ravager_plushie":1,"minecraft:torch":27,"minecraft:note_block":1,"minecraft:blast_furnace":3,"minerally:deepslate_copper_pile":2,"minecraft:glass":11,"minecraft:cyan_bed":1,"minerally:lapis_pile":2,"minecraft:sugar_cane":388,"minerally:deepslate_geode":2,"minecraft:wheat":38,"minecraft:black_bed":1,"minecraft:stone_brick_stairs":1,"minecraft:grass":24,"minecraft:loom":3,"minecraft:smooth_basalt":73,"minerally:gold_pile":1,"fleshz:wood_rack":9,"minecraft:deepslate":457,"minecraft:yellow_terracotta":31,"minecraft:deepslate_tiles":12,"minecraft:jack_o_lantern":2,"minecraft:cobbled_deepslate_slab":3,"minecraft:dark_oak_fence":1,"minecraft:spruce_fence":1,"graveyard:tg_deepslate":3,"minerally:deepslate_iron_pile_1":1,"minerally:lapis_pile_1":2,"minecraft:potted_bamboo":1,"minecraft:moss_block":8,"minerally:deepslate_lapis_pile_0":4,"minerally:redstone_pile_0":1,"minecraft:redstone_ore":4,"minecraft:polished_blackstone_button":2,"minerally:copper_pile":1,"minecraft:andesite":149,"minerally:deepslate_iron_pile":1,"minecraft:mossy_stone_brick_stairs":2,"minerally:deepslate_gold_pile":7,"minecraft:rail":14,"minecraft:smooth_quartz_stairs":1,"graveyard:lying_wither_skeleton":1,"minecraft:smithing_table":3,"minecraft:soul_sand":1,"minerally:redstone_pile":1,"minerally:diamond_crystal_0":1,"minecraft:campfire":3,"minecraft:tall_grass":8,"minecraft:copper_ore":23,"minerally:gold_pile_0":1,"minerally:copper_pile_1":1,"minecraft:deepslate_gold_ore":56,"minecraft:diorite":4,"minecraft:black_stained_glass":4,"minecraft:coarse_dirt":8,"minerally:gold_rock":6,"graveyard:vase_block":1,"minecraft:spruce_log":219,"minerally:iron_rock":3,"minerally:deepslate_coal_pile":2,"minecraft:gravel":209,"minecraft:dripstone_block":3,"minecraft:cobweb":76,"minecraft:stone_bricks":1,"minecraft:chipped_anvil":1,"minecraft:gold_ore":2,"minecraft:fern":7,"minerally:diamond_crystal":1,"minerally:deepslate_gold_pile_0":7,"minerally:deepslate_emerald_crystal_0":3,"minerally:deepslate_gold_pile_1":7,"minecraft:spruce_planks":14,"minerally:deepslate_emerald_crystal_1":3,"minerally:copper_rock":2,"minecraft:cave_vines_plant":2,"minecraft:grass_block":2,"graveyard:dark_iron_door":2,"minecraft:composter":1,"minerally:deepslate_copper_pile_0":2,"minecraft:iron_ore":63,"minerally:coal_rock":8,"graveyard:leaning_wither_skeleton":1,"minecraft:anvil":3,"minerally:iron_pile_1":1,"minecraft:pointed_dripstone":22,"minerally:deepslate_coal_pile_0":2,"minecraft:iron_bars":8,"minerally:diamond_rock":5,"minecraft:azalea":4,"minecraft:green_bed":1,"minerally:deepslate_redstone_pile_0":1,"minecraft:deepslate_redstone_ore":17,"minerally:deepslate_redstone_pile":1,"minecraft:blackstone":38,"minecraft:polished_deepslate_stairs":1,"minerally:iron_pile":2,"minecraft:yellow_banner":1,"minecraft:clay":26,"minecraft:calcite":289,"minerally:deepslate_coal_pile_1":2,"minecraft:chest":1,"minerally:deepslate_emerald_crystal":3,"minecraft:cobblestone":60,"minerally:iron_pile_0":2,"minecraft:grindstone":1,"minecraft:oak_planks":112,"minecraft:iron_door":4,"minecraft:wall_torch":59,"minecraft:deepslate_copper_ore":9,"minecraft:powered_rail":1,"minecraft:tnt":2,"minecraft:cracked_deepslate_tiles":3,"graveyard:creeper_skeleton":2,"minecraft:oak_log":66,"minecraft:dirt":11,"minerally:deepslate_copper_pile_1":2,"minecraft:wither_skeleton_skull":1,"minecraft:tripwire_hook":1,"minecraft:netherrack":7,"minecraft:crying_obsidian":7,"minecraft:tuff":64,"minecraft:yellow_wall_banner":1,"minecraft:deepslate_diamond_ore":101,"minecraft:lever":1,"minecraft:spruce_leaves":10,"minecraft:large_fern":7,"minerally:deepslate_lapis_pile":4,"minerally:deepslate_diamond_crystal":8,"minecraft:spruce_sapling":1,"minecraft:furnace":9,"minerally:redstone_pile_1":1,"minecraft:peony":1,"minecraft:gold_block":1,"minerally:deepslate_iron_pile_0":1,"soulsweapons:moonstone_ore_deepslate":21,"minecraft:bookshelf":30,"minecraft:deepslate_iron_ore":95,"minerally:copper_pile_0":1,"minecraft:stone":1317,"minecraft:flowering_azalea":1,"minerally:gold_pile_1":1,"minerally:deepslate_redstone_pile_1":1,"minecraft:oak_fence":5,"minecraft:crafting_table":14,"minecraft:lectern":2,"minecraft:stone_slab":1,"minecraft:deepslate_coal_ore":2,"minecraft:lapis_ore":8,"minerally:lapis_rock":3,"minecraft:blue_bed":1,"minecraft:ice":4,"minerally:emerald_rock":2,"minecraft:yellow_bed":1,"graveyard:dark_iron_bars":2,"minecraft:coal_ore":68,"minerally:lapis_pile_0":2,"minecraft:cracked_stone_bricks":1,"minerally:diamond_crystal_1":1,"minerally:deepslate_lapis_pile_1":3},"minecraft:crafted":{"minecraft:lever":1,"minecraft:bookshelf":12,"minecraft:cooked_mutton":40,"spawnermod:spawner_key":1,"minecraft:glass":38,"minecraft:diamond_helmet":6,"minecraft:diamond_leggings":4,"plushies:ravager_plushie":1,"minecraft:polished_blackstone":12,"minecraft:iron_door":3,"minecraft:birch_door":3,"magicmirror:magic_mirror":1,"minecraft:cooked_porkchop":29,"minecraft:copper_ingot":81,"minecraft:campfire":2,"scout:pouch":4,"minecraft:stone_slab":6,"minecraft:iron_pickaxe":2,"minecraft:iron_block":7,"minecraft:gold_ingot":63,"simplyswords:diamond_sai":1,"minecraft:composter":1,"scout:satchel_strap":4,"hangglider:glider_framework":1,"minecraft:stone_shovel":1,"minecraft:iron_nugget":18,"minecraft:polished_blackstone_pressure_plate":4,"minecraft:bone_meal":87,"hangglider:glider_wing":2,"scout:upgraded_pouch":1,"minecraft:spruce_slab":60,"minecraft:stone_pickaxe":2,"minecraft:diamond_boots":5,"minecraft:spruce_boat":1,"minecraft:redstone_block":6,"minecraft:enchanting_table":1,"magistuarmory:rustedchainmail_leggings":1,"minecraft:iron_shovel":1,"minecraft:iron_leggings":2,"minecraft:white_bed":2,"scout:upgraded_satchel":2,"minecraft:note_block":3,"adventurez:cooked_venison":5,"minecraft:grindstone":1,"minecraft:oak_planks":216,"scout:satchel":2,"hangglider:hang_glider":1,"fleshz:rotten_leather":58,"minecraft:cooked_chicken":7,"minecraft:stone":11,"minecraft:polished_blackstone_button":4,"fleshz:wood_rack":26,"minecraft:iron_boots":1,"minecraft:chest":8,"minecraft:rail":128,"minecraft:oak_fence":24,"minecraft:oak_slab":30,"fleshz:prepared_hide":129,"minecraft:arrow":4,"minecraft:cauldron":1,"minecraft:crafting_table":3,"minecraft:spruce_planks":124,"minecraft:wooden_pickaxe":1,"minecraft:iron_helmet":1,"minecraft:spruce_trapdoor":2,"minecraft:book":48,"minecraft:iron_chestplate":2,"minecraft:paper":120,"minecraft:diamond_pickaxe":3,"minecraft:shield":1,"minecraft:stick":80,"minecraft:iron_ingot":226,"minecraft:stone_sword":1,"simplyswords:diamond_halberd":1,"minecraft:redstone_torch":1,"morebows:diamond_bow":1,"soulsweapons:guts_sword":1,"simplyswords:diamond_greathammer":1,"minecraft:stone_button":5,"minecraft:furnace":4,"minecraft:piston":1,"minecraft:flint_and_steel":1,"immersive_melodies:piano":1,"minecraft:iron_axe":2,"magistuarmory:steel_ingot":2,"minecraft:iron_hoe":1,"magistuarmory:diamond_buckler":2,"minecraft:cooked_beef":45,"minecraft:sugar":393,"minecraft:powered_rail":36,"minecraft:bucket":5,"minecraft:stone_axe":1,"minecraft:bread":16,"minecraft:air":0,"torchesntrinkets:torch_belt":2,"soulsweapons:sting":1,"minecraft:torch":16,"minecraft:diamond_chestplate":5},"minecraft:used":{"minecraft:moss_block":4,"minecraft:elytra":1,"minecraft:chest":18,"minecraft:rotten_flesh":32,"minecraft:soul_sand":1,"minecraft:spruce_boat":9,"minecraft:polished_blackstone_slab":2,"minecraft:lava_bucket":2,"minecraft:villager_spawn_egg":3,"minecraft:grass_block":1,"minecraft:bow":10,"minecraft:sweet_berries":6,"minecraft:furnace":14,"minecraft:egg":1,"minecraft:cow_spawn_egg":4,"minecraft:powered_rail":12,"minecraft:blackstone":234,"minecraft:wooden_pickaxe":59,"minecraft:composter":1,"minecraft:smooth_quartz_stairs":4,"minecraft:golden_apple":56,"minecraft:glow_berries":31,"minecraft:blast_furnace":3,"minecraft:stone_button":2,"graveyard:ghoul_spawn_egg":3,"graveyard:dark_iron_door":2,"minecraft:smithing_table":3,"simplyswords:toxic_longsword":1,"minecraft:diorite_stairs":5,"soulsweapons:sting":1073,"minecraft:polished_blackstone_brick_slab":12,"minecraft:enchanting_table":2,"minecraft:iron_bars":5,"minecraft:stone_sword":49,"minecraft:torch":150,"minecraft:anvil":2,"minecraft:chipped_anvil":1,"minecraft:iron_axe":199,"minecraft:spruce_button":3,"minecraft:spawner":2,"soulsweapons:guts_sword":466,"minecraft:smooth_basalt":5,"minecraft:diamond_chestplate":1,"minecraft:cobbled_deepslate":149,"minecraft:pointed_dripstone":1,"minecraft:calcite":545,"minecraft:wheat_seeds":58,"minecraft:water_bucket":135,"minecraft:cauldron":1,"minecraft:sheep_spawn_egg":2,"minecraft:rail":72,"minecraft:crafting_table":17,"minecraft:red_bed":2,"minecraft:phantom_spawn_egg":9,"minecraft:white_bed":7,"minecraft:campfire":8,"minecraft:cod":10,"minecraft:diamond_pickaxe":2486,"minecraft:iron_pickaxe":738,"minecraft:spruce_trapdoor":2,"minecraft:spruce_sapling":28,"minecraft:cobblestone":229,"minecraft:cooked_porkchop":23,"minecraft:red_sand":127,"minecraft:iron_shovel":167,"minecraft:zombie_spawn_egg":6,"simplyswords:diamond_sai":47,"minecraft:deepslate_tile_slab":3,"minecraft:glass":42,"graveyard:corrupted_vindicator_spawn_egg":1,"minecraft:iron_helmet":1,"minecraft:magma_block":1,"minecraft:polished_diorite_stairs":19,"plushies:ravager_plushie":2,"minecraft:diamond_boots":1,"adventurez:cooked_venison":5,"minecraft:stone_pickaxe":178,"minecraft:oak_planks":303,"minecraft:redstone_block":2,"simplyswords:diamond_halberd":65,"minecraft:diamond_axe":107,"minecraft:sugar_cane":98,"minecraft:yellow_terracotta":8,"minecraft:note_block":1,"minecraft:redstone_torch":1,"eldritch_end:primordial_boat":1,"minecraft:lever":1,"minecraft:firework_rocket":55,"minecraft:cyan_bed":1,"minecraft:bread":29,"minecraft:iron_door":7,"minecraft:gravel":41,"minecraft:grindstone":1,"minecraft:chain":2,"minecraft:coarse_dirt":5,"minecraft:bone_meal":131,"minecraft:cobweb":17,"minecraft:oak_fence":19,"minecraft:flint_and_steel":8,"minecraft:stone_shovel":24,"morebows:diamond_bow":710,"minecraft:spruce_planks":39,"minecraft:cooked_chicken":2,"graveyard:wraith_spawn_egg":1,"minecraft:dirt":16,"minecraft:birch_door":1,"minecraft:iron_hoe":27,"minecraft:bookshelf":12,"simplyswords:diamond_greathammer":16,"minecraft:cooked_beef":55,"minecraft:iron_leggings":1,"minecraft:cooked_mutton":10,"minecraft:baked_potato":17,"minecraft:polished_blackstone_pressure_plate":4,"minecraft:smoker":2,"minecraft:piston":1,"minecraft:stone_axe":24,"fleshz:wood_rack":30,"minecraft:bucket":142,"minecraft:yellow_bed":1,"minecraft:polished_blackstone_button":8}},"DataVersion":3465}