{"stats":{"minecraft:used":{"minecraft:moss_block":4,"minecraft:red_sand":117,"minecraft:iron_shovel":167,"minecraft:elytra":1,"minecraft:chest":14,"minecraft:zombie_spawn_egg":4,"minecraft:soul_sand":1,"simplyswords:diamond_sai":47,"minecraft:deepslate_tile_slab":3,"minecraft:spruce_boat":9,"minecraft:polished_blackstone_slab":2,"minecraft:glass":32,"minecraft:lava_bucket":2,"graveyard:corrupted_vindicator_spawn_egg":1,"minecraft:iron_helmet":1,"minecraft:magma_block":1,"minecraft:bow":10,"minecraft:sweet_berries":2,"minecraft:furnace":14,"minecraft:polished_diorite_stairs":17,"minecraft:egg":1,"plushies:ravager_plushie":2,"adventurez:cooked_venison":5,"minecraft:stone_pickaxe":178,"minecraft:oak_planks":285,"minecraft:blackstone":222,"minecraft:wooden_pickaxe":59,"simplyswords:diamond_halberd":65,"minecraft:diamond_axe":32,"minecraft:sugar_cane":91,"minecraft:smooth_quartz_stairs":4,"minecraft:glow_berries":31,"minecraft:golden_apple":37,"minecraft:yellow_terracotta":8,"minecraft:blast_furnace":3,"minecraft:note_block":1,"eldritch_end:primordial_boat":1,"minecraft:firework_rocket":55,"minecraft:cyan_bed":1,"minecraft:bread":8,"minecraft:stone_button":2,"graveyard:ghoul_spawn_egg":3,"minecraft:iron_door":5,"minecraft:gravel":41,"minecraft:smithing_table":3,"simplyswords:toxic_longsword":1,"minecraft:bone_meal":43,"minecraft:cobweb":17,"soulsweapons:sting":1073,"minecraft:diorite_stairs":5,"minecraft:iron_bars":1,"minecraft:polished_blackstone_brick_slab":12,"minecraft:enchanting_table":2,"minecraft:stone_sword":49,"minecraft:flint_and_steel":7,"minecraft:stone_shovel":24,"morebows:diamond_bow":306,"minecraft:spruce_planks":39,"minecraft:cooked_chicken":2,"minecraft:torch":148,"minecraft:dirt":2,"minecraft:anvil":2,"minecraft:birch_door":1,"minecraft:chipped_anvil":1,"minecraft:bookshelf":12,"minecraft:iron_axe":199,"minecraft:spruce_button":3,"simplyswords:diamond_greathammer":16,"soulsweapons:guts_sword":104,"minecraft:smooth_basalt":5,"minecraft:cooked_beef":48,"minecraft:cobbled_deepslate":104,"minecraft:iron_leggings":1,"minecraft:pointed_dripstone":1,"minecraft:calcite":530,"minecraft:cooked_mutton":10,"minecraft:water_bucket":63,"minecraft:baked_potato":17,"minecraft:cauldron":1,"minecraft:polished_blackstone_pressure_plate":4,"minecraft:crafting_table":17,"minecraft:campfire":2,"minecraft:white_bed":7,"minecraft:cod":10,"minecraft:smoker":2,"minecraft:diamond_pickaxe":1315,"minecraft:iron_pickaxe":641,"minecraft:spruce_sapling":28,"minecraft:stone_axe":24,"minecraft:cobblestone":3,"fleshz:wood_rack":30,"minecraft:cooked_porkchop":20,"minecraft:bucket":68,"minecraft:polished_blackstone_button":6},"minecraft:killed":{"minecraft:cave_spider":4,"minecraft:witch":1,"graveyard:skeleton_creeper":1,"minecraft:spider":20,"graveyard:wraith":5,"minecraft:skeleton":49,"minecraft:guardian":2,"minecraft:chicken":8,"minecraft:tropical_fish":1,"artifacts:mimic":5,"minecraft:pig":15,"minecraft:creeper":13,"minecraft:sheep":24,"minecraft:zombie":99,"graveyard:corrupted_pillager":1,"minecraft:cow":23,"graveyard:corrupted_vindicator":33,"mobcatalog:stonemaw":3,"minecraft:phantom":2,"minecraft:drowned":4,"graveyard:ghoul":6,"minecraft:bat":1,"minecraft:hoglin":2,"adventurez:deer":3,"minecraft:wither_skeleton":3,"minecraft:villager":1,"minecraft:enderman":4},"minecraft:custom":{"minecraft:interact_with_crafting_table":139,"minecraft:open_barrel":66,"minecraft:leave_game":16,"minecraft:time_since_death":8048,"minecraft:sprint_one_cm":1137118,"minecraft:damage_blocked_by_shield":45,"minecraft:drop":91,"minecraft:play_noteblock":1,"minecraft:talked_to_villager":3,"minecraft:play_time":747806,"minecraft:deaths":47,"minecraft:jump":8598,"minecraft:interact_with_brewingstand":2,"minecraft:walk_on_water_one_cm":95839,"minecraft:enchant_item":11,"minecraft:interact_with_furnace":334,"minecraft:sleep_in_bed":7,"minecraft:damage_dealt":65533,"minecraft:player_kills":1,"minecraft:crouch_one_cm":124928,"minecraft:interact_with_smoker":40,"minecraft:use_cauldron":3,"minecraft:interact_with_smithing_table":12,"minecraft:interact_with_anvil":22,"minecraft:mob_kills":343,"minecraft:interact_with_campfire":24,"minecraft:climb_one_cm":2784,"minecraft:walk_one_cm":1239794,"minecraft:sneak_time":40408,"minecraft:walk_under_water_one_cm":63864,"minecraft:boat_one_cm":131980,"minecraft:interact_with_blast_furnace":31,"minecraft:total_world_time":747806,"minecraft:time_since_rest":8205,"minecraft:damage_taken":23316,"minecraft:damage_absorbed":2545,"minecraft:trigger_trapped_chest":1,"minecraft:swim_one_cm":169151,"minecraft:fly_one_cm":2299559,"minecraft:open_chest":569,"minecraft:aviate_one_cm":1387175,"minecraft:fall_one_cm":183059},"minecraft:picked_up":{"minecraft:birch_door":1,"minecraft:wheat":1,"minecraft:flower_pot":1,"minecraft:anvil":3,"minecraft:smithing_table":3,"soulsweapons:moonstone":14,"magicmirror:magic_mirror":1,"minecraft:string":94,"minecraft:raw_copper":102,"minecraft:iron_leggings":1,"minecraft:diamond_leggings":1,"minecraft:deepslate_tiles":3,"minecraft:red_sand":105,"minecraft:gold_nugget":3,"minecraft:cobbled_deepslate":349,"bosses_of_mass_destruction:soul_star":3,"minecraft:spruce_planks":19,"minecraft:calcite":167,"minecraft:azalea":3,"fleshz:rotten_leather":23,"minecraft:furnace":9,"minecraft:stick":82,"minecraft:oak_fence":1,"minecraft:torch":119,"minecraft:green_bed":1,"magistuarmory:rusted_heavymace":1,"minecraft:porkchop":29,"minecraft:pointed_dripstone":33,"minecraft:diorite":8,"minecraft:zombie_spawn_egg":4,"minecraft:rotten_flesh":166,"minecraft:tropical_fish":2,"minecraft:cow_spawn_egg":1,"minecraft:obsidian":4,"minecraft:iron_bars":5,"minecraft:cobblestone":465,"minecraft:cave_spider_spawn_egg":1,"minecraft:magma_block":8,"minecraft:feather":4,"minecraft:cooked_beef":1,"minecraft:iron_door":1,"minecraft:water_bucket":1,"minecraft:andesite":130,"minecraft:brown_wool":1,"minecraft:smoker":2,"minecraft:flint":18,"minecraft:tuff":49,"artifacts:flame_pendant":1,"minecraft:lapis_lazuli":132,"minecraft:dirt":9,"minecraft:glass":7,"minecraft:bone":68,"minecraft:chipped_anvil":1,"minecraft:bow":7,"minecraft:wheat_seeds":7,"adventurez:raw_venison":5,"minecraft:raw_gold":77,"minecraft:cobbled_deepslate_slab":3,"minecraft:grindstone":1,"minecraft:glowstone_dust":1,"minecraft:diamond_helmet":1,"minecraft:bamboo":1,"minecraft:moss_block":4,"minecraft:oak_planks":129,"fleshz:wood_rack":15,"minecraft:sheep_spawn_egg":2,"minecraft:cooked_porkchop":5,"artifacts:rooted_boots":1,"minecraft:cyan_bed":1,"minecraft:skeleton_spawn_egg":2,"scout:tanned_leather":22,"minecraft:diamond":102,"minecraft:spruce_boat":8,"artifacts:crystal_heart":1,"minecraft:polished_blackstone_button":2,"graveyard:corrupted_vindicator_spawn_egg":1,"minecraft:spruce_button":1,"soulsweapons:verglas":10,"minecraft:bread":3,"minecraft:emerald":16,"minecraft:oak_sapling":25,"minecraft:charcoal":2,"minecraft:coarse_dirt":2,"minecraft:crafting_table":14,"minecraft:allium":1,"minecraft:leather_leggings":1,"minecraft:chicken":7,"minecraft:clay_ball":96,"minecraft:chest_minecart":2,"minecraft:spider_spawn_egg":2,"minecraft:moss_carpet":4,"minecraft:iron_axe":1,"minecraft:iron_shovel":1,"soulsweapons:sting":1,"minecraft:blackstone":26,"graveyard:corruption":39,"minecraft:detector_rail":6,"minecraft:beef":43,"fleshz:hide":42,"minecraft:poppy":1,"minecraft:iron_nugget":14,"minecraft:light_gray_wool":2,"minecraft:sugar_cane":438,"minecraft:chest":1,"minecraft:phantom_membrane":2,"plushies:ravager_plushie":1,"minecraft:egg":6,"minecraft:raw_iron":164,"magistuarmory:rustedbarbute":1,"minecraft:note_block":1,"minecraft:stone_button":2,"minecraft:redstone":100,"minecraft:tnt":1,"minecraft:arrow":48,"minecraft:beetroot_seeds":4,"artifacts:cross_necklace":1,"minecraft:yellow_terracotta":30,"artifacts:pocket_piston":2,"minecraft:glow_berries":9,"minecraft:mutton":40,"minecraft:rail":10,"minecraft:white_wool":22,"minecraft:cracked_deepslate_tiles":1,"minecraft:netherite_boots":1,"magistuarmory:rustedhalfarmor_chestplate":1,"minecraft:birch_planks":21,"minecraft:oak_log":57,"minecraft:gunpowder":7,"minecraft:blue_bed":1,"minecraft:apple":1,"minecraft:cobweb":7,"minecraft:cooked_chicken":1,"artifacts:whoopee_cushion":1,"minecraft:spore_blossom":1,"artifacts:kitty_slippers":1,"minecraft:iron_ingot":30,"minecraft:soul_sand":1,"minecraft:smooth_basalt":56,"minecraft:pumpkin":4,"minecraft:sweet_berries":45,"minecraft:gravel":99,"magistuarmory:rustednorman_helmet":2,"minecraft:spruce_sapling":107,"minecraft:blast_furnace":3,"minecraft:white_bed":4,"minecraft:spruce_log":218,"magistuarmory:rustedchainmail_leggings":5,"minecraft:spider_eye":6,"graveyard:ghoul_spawn_egg":1,"minecraft:diamond_axe":3,"minecraft:gray_wool":3,"minecraft:baked_potato":1,"minecraft:black_wool":2,"minecraft:coal":48,"minecraft:ender_pearl":1},"minecraft:killed_by":{"minecraft:creeper":1,"minecraft:cave_spider":1,"minecraft:zombie":30,"graveyard:wraith":4,"minecraft:spider":4,"minecraft:enderman":2,"minecraft:skeleton":4},"minecraft:crafted":{"minecraft:oak_planks":216,"scout:satchel":2,"hangglider:hang_glider":1,"minecraft:cooked_chicken":7,"fleshz:rotten_leather":58,"minecraft:stone":11,"minecraft:bookshelf":12,"minecraft:cooked_mutton":40,"minecraft:polished_blackstone_button":4,"minecraft:glass":38,"minecraft:diamond_helmet":5,"fleshz:wood_rack":26,"minecraft:diamond_leggings":3,"minecraft:iron_boots":1,"plushies:ravager_plushie":1,"minecraft:polished_blackstone":12,"minecraft:chest":4,"minecraft:iron_door":3,"minecraft:birch_door":3,"magicmirror:magic_mirror":1,"minecraft:oak_slab":18,"fleshz:prepared_hide":81,"minecraft:cauldron":1,"minecraft:cooked_porkchop":26,"minecraft:crafting_table":3,"minecraft:spruce_planks":72,"minecraft:wooden_pickaxe":1,"minecraft:iron_helmet":1,"minecraft:copper_ingot":81,"minecraft:campfire":2,"scout:pouch":4,"minecraft:book":37,"minecraft:iron_chestplate":2,"minecraft:paper":87,"minecraft:diamond_pickaxe":2,"minecraft:shield":1,"minecraft:stick":28,"minecraft:iron_ingot":180,"minecraft:iron_pickaxe":2,"minecraft:iron_block":7,"minecraft:stone_sword":1,"simplyswords:diamond_halberd":1,"minecraft:gold_ingot":63,"morebows:diamond_bow":1,"simplyswords:diamond_sai":1,"scout:satchel_strap":4,"hangglider:glider_framework":1,"minecraft:stone_shovel":1,"soulsweapons:guts_sword":1,"simplyswords:diamond_greathammer":1,"minecraft:iron_nugget":18,"minecraft:stone_button":5,"minecraft:furnace":4,"minecraft:polished_blackstone_pressure_plate":4,"hangglider:glider_wing":2,"minecraft:flint_and_steel":1,"immersive_melodies:piano":1,"scout:upgraded_pouch":1,"minecraft:iron_axe":2,"magistuarmory:steel_ingot":2,"minecraft:spruce_slab":60,"minecraft:stone_pickaxe":2,"minecraft:diamond_boots":4,"magistuarmory:diamond_buckler":2,"minecraft:spruce_boat":1,"minecraft:cooked_beef":39,"minecraft:sugar":266,"minecraft:enchanting_table":1,"minecraft:bucket":4,"magistuarmory:rustedchainmail_leggings":1,"minecraft:stone_axe":1,"minecraft:bread":6,"minecraft:air":0,"torchesntrinkets:torch_belt":2,"minecraft:iron_shovel":1,"minecraft:iron_leggings":2,"minecraft:white_bed":2,"scout:upgraded_satchel":2,"minecraft:note_block":3,"soulsweapons:sting":1,"minecraft:torch":16,"minecraft:diamond_chestplate":4,"adventurez:cooked_venison":5},"minecraft:mined":{"minerally:deepslate_emerald_crystal_0":3,"minerally:deepslate_gold_pile_0":7,"minerally:diamond_crystal":1,"minerally:deepslate_gold_pile_1":7,"minecraft:spruce_planks":14,"minecraft:white_bed":4,"minerally:deepslate_emerald_crystal_1":3,"minerally:deepslate_diamond_crystal_0":7,"minerally:copper_rock":2,"minecraft:obsidian":4,"minecraft:cave_vines_plant":2,"minecraft:red_sand":110,"minecraft:grass_block":1,"minecraft:spawner":3,"minerally:deepslate_copper_pile_0":2,"minecraft:magma_block":8,"minecraft:cobbled_deepslate":16,"minecraft:fire":3,"minecraft:iron_ore":49,"minerally:coal_rock":8,"minecraft:moss_carpet":2,"minecraft:anvil":3,"minecraft:deepslate_lapis_ore":15,"minecraft:pointed_dripstone":22,"minerally:iron_pile_1":1,"minecraft:cave_vines":7,"minerally:deepslate_coal_pile_0":2,"minecraft:iron_bars":7,"minerally:diamond_rock":4,"minerally:deepslate_diamond_crystal_1":7,"minecraft:azalea":4,"minecraft:green_bed":1,"minerally:deepslate_redstone_pile_0":1,"minecraft:deepslate_redstone_ore":17,"minerally:deepslate_redstone_pile":1,"minecraft:blackstone":26,"soulsweapons:verglas_ore_deepslate":10,"minecraft:smoker":2,"minerally:iron_pile":2,"plushies:ravager_plushie":1,"minecraft:clay":17,"minecraft:torch":27,"minecraft:note_block":1,"minecraft:blast_furnace":3,"minecraft:calcite":216,"minerally:deepslate_coal_pile_1":2,"minecraft:chest":1,"minerally:deepslate_emerald_crystal":3,"minerally:deepslate_copper_pile":2,"minecraft:glass":7,"minecraft:cobblestone":3,"minerally:iron_pile_0":2,"minecraft:cyan_bed":1,"minerally:lapis_pile":2,"minecraft:grindstone":1,"minecraft:oak_planks":98,"minecraft:sugar_cane":272,"minecraft:wall_torch":57,"minecraft:deepslate_copper_ore":9,"minerally:deepslate_geode":2,"minecraft:tnt":2,"minecraft:grass":23,"minecraft:cracked_deepslate_tiles":1,"minecraft:oak_log":66,"minecraft:dirt":8,"minecraft:smooth_basalt":57,"minerally:deepslate_copper_pile_1":2,"minerally:gold_pile":1,"fleshz:wood_rack":9,"minecraft:deepslate":371,"minecraft:yellow_terracotta":31,"minecraft:deepslate_tiles":4,"minecraft:tuff":50,"minecraft:deepslate_diamond_ore":74,"minecraft:cobbled_deepslate_slab":1,"minecraft:dark_oak_fence":1,"minecraft:spruce_fence":1,"minerally:deepslate_iron_pile_1":1,"minerally:lapis_pile_1":2,"minecraft:spruce_leaves":10,"minecraft:potted_bamboo":1,"minecraft:moss_block":6,"minerally:deepslate_lapis_pile_0":3,"minecraft:large_fern":7,"minerally:deepslate_lapis_pile":3,"minecraft:redstone_ore":4,"minerally:redstone_pile_0":1,"minerally:deepslate_diamond_crystal":7,"minecraft:spruce_sapling":1,"minecraft:furnace":9,"minecraft:polished_blackstone_button":2,"minerally:copper_pile":1,"minerally:redstone_pile_1":1,"minecraft:andesite":136,"minerally:deepslate_iron_pile":1,"minerally:deepslate_iron_pile_0":1,"soulsweapons:moonstone_ore_deepslate":14,"minecraft:deepslate_iron_ore":92,"minerally:deepslate_gold_pile":7,"minecraft:rail":3,"minerally:copper_pile_0":1,"minecraft:stone":618,"minecraft:smithing_table":3,"minecraft:flowering_azalea":1,"minerally:gold_pile_1":1,"minecraft:soul_sand":1,"minerally:deepslate_redstone_pile_1":1,"minecraft:crafting_table":14,"minerally:redstone_pile":1,"minerally:diamond_crystal_0":1,"minecraft:campfire":1,"minecraft:tall_grass":8,"minecraft:copper_ore":13,"minecraft:deepslate_coal_ore":2,"minerally:gold_pile_0":1,"minerally:copper_pile_1":1,"minecraft:deepslate_gold_ore":46,"minerally:lapis_rock":3,"minecraft:diorite":4,"minecraft:blue_bed":1,"minerally:gold_rock":6,"minecraft:coarse_dirt":3,"minecraft:ice":4,"minecraft:spruce_log":219,"minerally:iron_rock":3,"minerally:deepslate_coal_pile":2,"minerally:emerald_rock":2,"minecraft:coal_ore":31,"minecraft:dripstone_block":3,"minerally:lapis_pile_0":2,"minecraft:gravel":118,"minecraft:cobweb":66,"minecraft:chipped_anvil":1,"minecraft:gold_ore":2,"minerally:diamond_crystal_1":1,"minerally:deepslate_lapis_pile_1":2,"minecraft:fern":7},"minecraft:dropped":{"minecraft:diamond_axe":2,"minecraft:spore_blossom":1,"minecraft:cooked_porkchop":11,"minecraft:glow_berries":2,"minecraft:chest_minecart":1,"minecraft:bone":10,"minecraft:gravel":8,"minecraft:stone_axe":1,"hangglider:hang_glider":1,"minecraft:detector_rail":4,"minecraft:cobbled_deepslate":18,"minecraft:pointed_dripstone":1,"magistuarmory:diamond_buckler":1,"minecraft:rotten_flesh":92,"scout:upgraded_pouch":2,"minecraft:oak_planks":17,"minecraft:white_bed":1,"graveyard:ghoul_spawn_egg":1,"minecraft:birch_door":2,"minecraft:azalea":2,"magicmirror:magic_mirror":1,"minecraft:water_bucket":1,"minecraft:wheat_seeds":3,"minecraft:diamond_leggings":2,"minecraft:cobblestone":66,"minecraft:tropical_fish":2,"minecraft:golden_apple":6,"minecraft:diorite":8,"scout:upgraded_satchel":1,"minecraft:diamond_helmet":2,"torchesntrinkets:torch_belt":1,"minecraft:iron_leggings":2,"minecraft:pumpkin":3,"fleshz:wood_rack":2,"artifacts:crystal_heart":1,"minecraft:iron_axe":3,"minecraft:iron_shovel":2,"minecraft:bucket":1,"minecraft:spruce_sapling":3,"artifacts:kitty_slippers":1,"soulsweapons:sting":1,"artifacts:flame_pendant":1,"minecraft:shield":1,"minecraft:flower_pot":1,"minecraft:diamond_chestplate":1,"minecraft:spruce_planks":12,"minecraft:diamond_pickaxe":1,"minecraft:andesite":36,"minecraft:iron_chestplate":1,"artifacts:pocket_piston":2,"artifacts:cross_necklace":1,"minecraft:diamond_boots":1,"minecraft:bow":2,"minecraft:stone_pickaxe":1,"minecraft:calcite":4,"minecraft:black_wool":1},"minecraft:broken":{"minecraft:iron_boots":1,"minecraft:iron_chestplate":1,"minecraft:stone_pickaxe":1,"minecraft:wooden_pickaxe":1,"minecraft:iron_pickaxe":1,"minecraft:iron_helmet":1,"magistuarmory:rustedbarbute":1,"magistuarmory:rustedchainmail_leggings":2}},"DataVersion":3465}