{"stats":{"minecraft:used":{"minecraft:moss_block":4,"minecraft:red_sand":117,"minecraft:iron_shovel":167,"minecraft:chest":14,"minecraft:zombie_spawn_egg":4,"minecraft:deepslate_tile_slab":3,"minecraft:spruce_boat":8,"minecraft:polished_blackstone_slab":2,"minecraft:glass":24,"minecraft:iron_helmet":1,"minecraft:magma_block":1,"minecraft:bow":10,"minecraft:sweet_berries":2,"minecraft:furnace":14,"minecraft:polished_diorite_stairs":17,"minecraft:egg":1,"adventurez:cooked_venison":5,"minecraft:stone_pickaxe":178,"minecraft:oak_planks":285,"minecraft:blackstone":222,"minecraft:wooden_pickaxe":59,"minecraft:diamond_axe":2,"minecraft:sugar_cane":91,"minecraft:smooth_quartz_stairs":4,"minecraft:glow_berries":31,"minecraft:golden_apple":2,"minecraft:yellow_terracotta":8,"eldritch_end:primordial_boat":1,"minecraft:bread":8,"minecraft:stone_button":2,"minecraft:iron_door":5,"minecraft:gravel":41,"minecraft:smithing_table":1,"minecraft:bone_meal":43,"minecraft:cobweb":17,"soulsweapons:sting":833,"minecraft:diorite_stairs":5,"minecraft:polished_blackstone_brick_slab":12,"minecraft:enchanting_table":2,"minecraft:stone_sword":49,"minecraft:flint_and_steel":3,"minecraft:stone_shovel":24,"morebows:diamond_bow":75,"minecraft:spruce_planks":39,"minecraft:cooked_chicken":1,"minecraft:torch":113,"minecraft:dirt":2,"minecraft:birch_door":1,"minecraft:chipped_anvil":1,"minecraft:iron_axe":199,"minecraft:spruce_button":3,"minecraft:smooth_basalt":5,"minecraft:cooked_beef":48,"minecraft:cobbled_deepslate":52,"minecraft:iron_leggings":1,"minecraft:calcite":466,"minecraft:cooked_mutton":10,"minecraft:water_bucket":45,"minecraft:polished_blackstone_pressure_plate":4,"minecraft:crafting_table":17,"minecraft:campfire":2,"minecraft:white_bed":7,"minecraft:cod":4,"minecraft:smoker":1,"minecraft:diamond_pickaxe":757,"minecraft:iron_pickaxe":641,"minecraft:spruce_sapling":28,"minecraft:stone_axe":24,"minecraft:cobblestone":3,"fleshz:wood_rack":30,"minecraft:cooked_porkchop":17,"minecraft:bucket":46,"minecraft:polished_blackstone_button":6},"minecraft:killed":{"minecraft:cave_spider":4,"graveyard:skeleton_creeper":1,"minecraft:spider":8,"minecraft:skeleton":25,"minecraft:guardian":2,"minecraft:chicken":7,"minecraft:tropical_fish":1,"artifacts:mimic":5,"minecraft:pig":14,"minecraft:creeper":6,"minecraft:sheep":24,"minecraft:zombie":63,"graveyard:corrupted_pillager":1,"minecraft:cow":18,"graveyard:corrupted_vindicator":1,"mobcatalog:stonemaw":3,"minecraft:drowned":4,"minecraft:bat":1,"adventurez:deer":3,"minecraft:enderman":2},"minecraft:custom":{"minecraft:interact_with_crafting_table":89,"minecraft:open_barrel":63,"minecraft:leave_game":15,"minecraft:time_since_death":26657,"minecraft:sprint_one_cm":794149,"minecraft:drop":63,"minecraft:play_time":500404,"minecraft:deaths":42,"minecraft:jump":6232,"minecraft:walk_on_water_one_cm":85901,"minecraft:interact_with_furnace":287,"minecraft:sleep_in_bed":5,"minecraft:damage_dealt":38183,"minecraft:player_kills":1,"minecraft:crouch_one_cm":110350,"minecraft:interact_with_smoker":27,"minecraft:interact_with_smithing_table":5,"minecraft:interact_with_anvil":4,"minecraft:mob_kills":196,"minecraft:interact_with_campfire":16,"minecraft:climb_one_cm":2277,"minecraft:walk_one_cm":879424,"minecraft:sneak_time":33916,"minecraft:walk_under_water_one_cm":54666,"minecraft:boat_one_cm":131719,"minecraft:interact_with_blast_furnace":1,"minecraft:total_world_time":500404,"minecraft:time_since_rest":26789,"minecraft:damage_taken":18431,"minecraft:damage_absorbed":1455,"minecraft:trigger_trapped_chest":1,"minecraft:swim_one_cm":155581,"minecraft:fly_one_cm":1596819,"minecraft:open_chest":329,"minecraft:fall_one_cm":151509},"minecraft:picked_up":{"minecraft:birch_door":1,"minecraft:wheat":1,"minecraft:flower_pot":1,"minecraft:anvil":2,"minecraft:smithing_table":1,"soulsweapons:moonstone":13,"minecraft:string":78,"minecraft:raw_copper":76,"minecraft:iron_leggings":1,"minecraft:deepslate_tiles":2,"minecraft:red_sand":105,"minecraft:gold_nugget":3,"minecraft:cobbled_deepslate":306,"bosses_of_mass_destruction:soul_star":1,"minecraft:spruce_planks":19,"minecraft:calcite":91,"minecraft:azalea":3,"fleshz:rotten_leather":1,"minecraft:furnace":9,"minecraft:stick":79,"minecraft:oak_fence":1,"minecraft:torch":89,"minecraft:green_bed":1,"magistuarmory:rusted_heavymace":1,"minecraft:porkchop":26,"minecraft:pointed_dripstone":33,"minecraft:diorite":8,"minecraft:zombie_spawn_egg":3,"minecraft:rotten_flesh":69,"minecraft:tropical_fish":2,"minecraft:cow_spawn_egg":1,"minecraft:obsidian":4,"minecraft:cobblestone":198,"minecraft:cave_spider_spawn_egg":1,"minecraft:magma_block":8,"minecraft:feather":3,"minecraft:iron_door":1,"minecraft:water_bucket":1,"minecraft:andesite":36,"minecraft:brown_wool":1,"minecraft:smoker":2,"minecraft:flint":15,"minecraft:tuff":47,"artifacts:flame_pendant":1,"minecraft:lapis_lazuli":132,"minecraft:dirt":9,"minecraft:bone":48,"minecraft:chipped_anvil":1,"minecraft:bow":5,"minecraft:wheat_seeds":5,"adventurez:raw_venison":5,"minecraft:raw_gold":74,"minecraft:grindstone":1,"minecraft:bamboo":1,"minecraft:moss_block":4,"minecraft:oak_planks":117,"fleshz:wood_rack":6,"minecraft:sheep_spawn_egg":2,"artifacts:rooted_boots":1,"minecraft:cyan_bed":1,"minecraft:skeleton_spawn_egg":1,"scout:tanned_leather":14,"minecraft:diamond":91,"minecraft:spruce_boat":7,"artifacts:crystal_heart":1,"minecraft:polished_blackstone_button":2,"minecraft:spruce_button":1,"soulsweapons:verglas":10,"minecraft:bread":3,"minecraft:emerald":16,"minecraft:oak_sapling":25,"minecraft:charcoal":2,"minecraft:coarse_dirt":2,"minecraft:crafting_table":14,"minecraft:chicken":7,"minecraft:clay_ball":96,"minecraft:chest_minecart":2,"minecraft:spider_spawn_egg":1,"minecraft:moss_carpet":4,"minecraft:iron_axe":1,"minecraft:iron_shovel":1,"soulsweapons:sting":1,"minecraft:blackstone":26,"graveyard:corruption":2,"minecraft:detector_rail":6,"minecraft:beef":37,"fleshz:hide":36,"minecraft:iron_nugget":14,"minecraft:light_gray_wool":2,"minecraft:sugar_cane":216,"minecraft:chest":1,"minecraft:egg":4,"minecraft:raw_iron":163,"magistuarmory:rustedbarbute":1,"minecraft:stone_button":2,"minecraft:redstone":100,"minecraft:tnt":1,"minecraft:arrow":27,"minecraft:beetroot_seeds":4,"artifacts:cross_necklace":1,"minecraft:yellow_terracotta":30,"artifacts:pocket_piston":2,"minecraft:glow_berries":9,"minecraft:mutton":40,"minecraft:rail":10,"minecraft:white_wool":22,"magistuarmory:rustedhalfarmor_chestplate":1,"minecraft:birch_planks":21,"minecraft:oak_log":57,"minecraft:gunpowder":4,"minecraft:apple":1,"artifacts:whoopee_cushion":1,"minecraft:spore_blossom":1,"artifacts:kitty_slippers":1,"minecraft:iron_ingot":27,"minecraft:smooth_basalt":56,"minecraft:pumpkin":4,"minecraft:sweet_berries":45,"minecraft:gravel":96,"magistuarmory:rustednorman_helmet":2,"minecraft:spruce_sapling":107,"minecraft:blast_furnace":3,"minecraft:white_bed":4,"minecraft:spruce_log":218,"magistuarmory:rustedchainmail_leggings":5,"minecraft:spider_eye":4,"minecraft:diamond_axe":3,"minecraft:gray_wool":3,"minecraft:black_wool":2,"minecraft:coal":46},"minecraft:killed_by":{"minecraft:creeper":1,"minecraft:cave_spider":1,"minecraft:zombie":30,"minecraft:spider":3,"minecraft:enderman":2,"minecraft:skeleton":4},"minecraft:crafted":{"minecraft:oak_planks":216,"scout:satchel":1,"minecraft:cooked_chicken":7,"fleshz:rotten_leather":24,"minecraft:stone":1,"minecraft:cooked_mutton":40,"minecraft:polished_blackstone_button":4,"minecraft:glass":38,"minecraft:diamond_helmet":4,"fleshz:wood_rack":26,"minecraft:diamond_leggings":2,"minecraft:iron_boots":1,"minecraft:polished_blackstone":12,"minecraft:chest":4,"minecraft:iron_door":3,"minecraft:birch_door":3,"minecraft:oak_slab":18,"fleshz:prepared_hide":56,"minecraft:cooked_porkchop":23,"minecraft:crafting_table":3,"minecraft:spruce_planks":72,"minecraft:wooden_pickaxe":1,"minecraft:iron_helmet":1,"minecraft:copper_ingot":73,"minecraft:campfire":2,"scout:pouch":2,"minecraft:book":1,"minecraft:iron_chestplate":2,"minecraft:paper":3,"minecraft:diamond_pickaxe":2,"minecraft:shield":1,"minecraft:stick":28,"minecraft:iron_ingot":99,"minecraft:iron_pickaxe":2,"minecraft:stone_sword":1,"minecraft:gold_ingot":63,"morebows:diamond_bow":1,"scout:satchel_strap":2,"minecraft:stone_shovel":1,"minecraft:stone_button":1,"minecraft:furnace":4,"minecraft:polished_blackstone_pressure_plate":4,"minecraft:flint_and_steel":1,"scout:upgraded_pouch":1,"minecraft:iron_axe":2,"minecraft:spruce_slab":60,"minecraft:stone_pickaxe":2,"minecraft:diamond_boots":3,"minecraft:spruce_boat":1,"minecraft:cooked_beef":39,"minecraft:sugar":170,"minecraft:enchanting_table":1,"minecraft:bucket":2,"magistuarmory:rustedchainmail_leggings":1,"minecraft:stone_axe":1,"minecraft:bread":6,"minecraft:air":0,"minecraft:iron_shovel":1,"minecraft:iron_leggings":2,"minecraft:white_bed":2,"scout:upgraded_satchel":1,"soulsweapons:sting":1,"minecraft:torch":16,"minecraft:diamond_chestplate":3,"adventurez:cooked_venison":5},"minecraft:mined":{"minerally:deepslate_emerald_crystal_0":3,"minerally:deepslate_gold_pile_0":7,"minerally:diamond_crystal":1,"minerally:deepslate_gold_pile_1":7,"minecraft:spruce_planks":14,"minecraft:white_bed":4,"minerally:deepslate_emerald_crystal_1":3,"minerally:deepslate_diamond_crystal_0":6,"minerally:copper_rock":2,"minecraft:obsidian":4,"minecraft:cave_vines_plant":2,"minecraft:red_sand":110,"minecraft:grass_block":1,"minecraft:spawner":2,"minerally:deepslate_copper_pile_0":2,"minecraft:magma_block":8,"minecraft:cobbled_deepslate":11,"minecraft:fire":2,"minecraft:iron_ore":48,"minerally:coal_rock":7,"minecraft:moss_carpet":2,"minecraft:anvil":2,"minecraft:deepslate_lapis_ore":15,"minecraft:pointed_dripstone":22,"minerally:iron_pile_1":1,"minecraft:cave_vines":7,"minerally:deepslate_coal_pile_0":2,"minerally:diamond_rock":4,"minerally:deepslate_diamond_crystal_1":6,"minecraft:azalea":4,"minecraft:green_bed":1,"minerally:deepslate_redstone_pile_0":1,"minecraft:deepslate_redstone_ore":17,"minerally:deepslate_redstone_pile":1,"minecraft:blackstone":26,"soulsweapons:verglas_ore_deepslate":10,"minecraft:smoker":2,"minerally:iron_pile":2,"minecraft:clay":17,"minecraft:torch":24,"minecraft:blast_furnace":3,"minecraft:calcite":137,"minerally:deepslate_coal_pile_1":2,"minecraft:chest":1,"minerally:deepslate_emerald_crystal":3,"minerally:deepslate_copper_pile":2,"minecraft:cobblestone":3,"minerally:iron_pile_0":2,"minecraft:cyan_bed":1,"minerally:lapis_pile":2,"minecraft:grindstone":1,"minecraft:oak_planks":86,"minecraft:sugar_cane":158,"minecraft:wall_torch":37,"minecraft:deepslate_copper_ore":9,"minerally:deepslate_geode":2,"minecraft:tnt":1,"minecraft:grass":18,"minecraft:oak_log":66,"minecraft:dirt":8,"minecraft:smooth_basalt":57,"minerally:deepslate_copper_pile_1":2,"minerally:gold_pile":1,"minecraft:deepslate":325,"minecraft:yellow_terracotta":31,"minecraft:deepslate_tiles":2,"minecraft:tuff":48,"minecraft:deepslate_diamond_ore":66,"minerally:deepslate_iron_pile_1":1,"minerally:lapis_pile_1":2,"minecraft:spruce_leaves":10,"minecraft:potted_bamboo":1,"minecraft:moss_block":6,"minerally:deepslate_lapis_pile_0":3,"minecraft:large_fern":6,"minerally:deepslate_lapis_pile":3,"minecraft:redstone_ore":4,"minerally:redstone_pile_0":1,"minerally:deepslate_diamond_crystal":6,"minecraft:spruce_sapling":1,"minecraft:furnace":9,"minecraft:polished_blackstone_button":2,"minerally:copper_pile":1,"minerally:redstone_pile_1":1,"minecraft:andesite":37,"minerally:deepslate_iron_pile":1,"minerally:deepslate_iron_pile_0":1,"soulsweapons:moonstone_ore_deepslate":13,"minecraft:deepslate_iron_ore":92,"minerally:deepslate_gold_pile":7,"minecraft:rail":3,"minerally:copper_pile_0":1,"minecraft:stone":338,"minecraft:smithing_table":1,"minecraft:flowering_azalea":1,"minerally:gold_pile_1":1,"minerally:deepslate_redstone_pile_1":1,"minecraft:crafting_table":14,"minerally:redstone_pile":1,"minerally:diamond_crystal_0":1,"minecraft:campfire":1,"minecraft:tall_grass":8,"minecraft:copper_ore":9,"minecraft:deepslate_coal_ore":2,"minerally:gold_pile_0":1,"minerally:copper_pile_1":1,"minecraft:deepslate_gold_ore":43,"minerally:lapis_rock":3,"minecraft:diorite":4,"minerally:gold_rock":6,"minecraft:coarse_dirt":3,"minecraft:ice":4,"minecraft:spruce_log":219,"minerally:iron_rock":3,"minerally:deepslate_coal_pile":2,"minerally:emerald_rock":2,"minecraft:coal_ore":31,"minerally:lapis_pile_0":2,"minecraft:gravel":111,"minecraft:cobweb":65,"minecraft:chipped_anvil":1,"minecraft:gold_ore":2,"minerally:diamond_crystal_1":1,"minerally:deepslate_lapis_pile_1":2,"minecraft:fern":3},"minecraft:dropped":{"minecraft:diamond_axe":2,"minecraft:spore_blossom":1,"minecraft:cooked_porkchop":6,"minecraft:glow_berries":2,"minecraft:chest_minecart":1,"minecraft:bone":1,"minecraft:gravel":8,"minecraft:stone_axe":1,"minecraft:detector_rail":4,"minecraft:cobbled_deepslate":18,"minecraft:pointed_dripstone":1,"minecraft:oak_planks":17,"minecraft:white_bed":1,"minecraft:birch_door":2,"minecraft:azalea":2,"minecraft:water_bucket":1,"minecraft:wheat_seeds":3,"minecraft:cobblestone":66,"minecraft:tropical_fish":2,"minecraft:diorite":8,"minecraft:iron_leggings":2,"minecraft:pumpkin":3,"fleshz:wood_rack":2,"artifacts:crystal_heart":1,"minecraft:iron_axe":3,"minecraft:iron_shovel":2,"minecraft:bucket":1,"minecraft:spruce_sapling":3,"soulsweapons:sting":1,"artifacts:flame_pendant":1,"minecraft:shield":1,"minecraft:flower_pot":1,"minecraft:spruce_planks":12,"minecraft:diamond_pickaxe":1,"minecraft:andesite":36,"minecraft:iron_chestplate":1,"artifacts:pocket_piston":2,"minecraft:bow":2,"minecraft:stone_pickaxe":1,"minecraft:calcite":4,"minecraft:black_wool":1},"minecraft:broken":{"minecraft:iron_boots":1,"minecraft:iron_chestplate":1,"minecraft:stone_pickaxe":1,"minecraft:wooden_pickaxe":1,"minecraft:iron_pickaxe":1,"minecraft:iron_helmet":1,"magistuarmory:rustedbarbute":1,"magistuarmory:rustedchainmail_leggings":2}},"DataVersion":3465}