{"stats":{"minecraft:broken":{"minecraft:diamond_helmet":1,"minecraft:iron_boots":1,"minecraft:iron_chestplate":1,"minecraft:wooden_pickaxe":1,"minecraft:iron_pickaxe":1,"minecraft:iron_helmet":1,"magistuarmory:rustedbarbute":1,"magistuarmory:rustedchainmail_leggings":2,"minecraft:stone_pickaxe":1},"minecraft:dropped":{"minecraft:iron_sword":1,"minecraft:diamond":31,"minecraft:spore_blossom":1,"minecraft:cooked_porkchop":11,"minecraft:glow_berries":2,"minecraft:saddle":1,"minecraft:dirt":3,"minecraft:iron_pickaxe":1,"minecraft:bone":26,"minecraft:stone_axe":1,"minecraft:cherry_boat":1,"niftycarts:plow":1,"minecraft:detector_rail":4,"minecraft:cobbled_deepslate":20,"minecraft:wheat":20,"minecraft:rotten_flesh":126,"minecraft:enchanted_golden_apple":1,"minecraft:oak_planks":17,"scout:upgraded_pouch":2,"minecraft:white_bed":1,"graveyard:ghoul_spawn_egg":1,"minecraft:enchanted_book":1,"morebows:diamond_bow":1,"minecraft:wheat_seeds":3,"minecraft:smooth_quartz_stairs":1,"scout:tanned_leather":4,"minecraft:oak_fence":9,"minecraft:cobblestone":66,"artifacts:whoopee_cushion":1,"fleshz:prepared_hide":1,"minecraft:golden_apple":6,"scout:upgraded_satchel":1,"soulsweapons:guts_sword":1,"minecraft:diamond_helmet":2,"minecraft:potion":1,"minecraft:pumpkin":3,"minecraft:chainmail_leggings":1,"minecraft:iron_shovel":2,"minecraft:string":64,"minecraft:spruce_sapling":3,"minecraft:clay_ball":4,"minecraft:stone_slab":1,"minecraft:flower_pot":1,"minecraft:spruce_planks":13,"minecraft:diamond_pickaxe":2,"minecraft:bow":3,"minecraft:black_wool":1,"minecraft:moss_block":2,"niftycarts:supply_cart":1,"minecraft:diamond_axe":2,"simplyswords:diamond_halberd":1,"minecraft:leather":34,"minecraft:chest_minecart":1,"magistuarmory:rustednorman_helmet":1,"minecraft:gravel":8,"hangglider:hang_glider":3,"minecraft:pointed_dripstone":1,"magistuarmory:diamond_buckler":1,"minecraft:azalea":2,"minecraft:birch_door":7,"minecraft:iron_bars":1,"magicmirror:magic_mirror":1,"minecraft:water_bucket":1,"minecraft:diamond_leggings":2,"niftycarts:animal_cart":1,"minecraft:tropical_fish":2,"minecraft:diorite":8,"artifacts:obsidian_skull":1,"minecraft:iron_door":2,"minecraft:iron_leggings":2,"torchesntrinkets:torch_belt":1,"artifacts:crystal_heart":1,"fleshz:wood_rack":2,"minecraft:iron_axe":3,"minecraft:bucket":1,"simplyswords:toxic_longsword":1,"artifacts:kitty_slippers":1,"soulsweapons:sting":1,"artifacts:flame_pendant":2,"magistuarmory:diamond_concavehalberd":2,"minecraft:shield":1,"minecraft:diamond_chestplate":1,"minecraft:iron_chestplate":1,"minecraft:andesite":40,"artifacts:pocket_piston":3,"minecraft:diamond_boots":2,"artifacts:cross_necklace":2,"minecraft:stone_pickaxe":1,"minecraft:calcite":4},"minecraft:killed_by":{"graveyard:acolyte":1,"minecraft:zombie":30,"minecraft:husk":1,"minecraft:creeper":1,"minecraft:cave_spider":1,"graveyard:wraith":4,"minecraft:spider":4,"minecraft:enderman":2,"minecraft:skeleton":4,"graveyard:corrupted_vindicator":4},"minecraft:custom":{"minecraft:interact_with_crafting_table":190,"minecraft:open_barrel":139,"minecraft:leave_game":17,"minecraft:time_since_death":360215,"minecraft:damage_blocked_by_shield":153,"minecraft:play_time":1374861,"minecraft:deaths":55,"minecraft:jump":13092,"minecraft:enchant_item":39,"minecraft:interact_with_furnace":347,"minecraft:traded_with_villager":71,"minecraft:interact_with_cartography_table":1,"minecraft:sleep_in_bed":10,"minecraft:damage_dealt":98718,"minecraft:interact_with_smoker":59,"minecraft:use_cauldron":4,"minecraft:interact_with_smithing_table":13,"minecraft:interact_with_anvil":40,"minecraft:sneak_time":60788,"minecraft:interact_with_blast_furnace":59,"minecraft:total_world_time":1374861,"minecraft:time_since_rest":360344,"minecraft:swim_one_cm":249179,"minecraft:fly_one_cm":3440841,"minecraft:open_chest":1101,"minecraft:fall_one_cm":271478,"minecraft:animals_bred":1,"minecraft:sprint_one_cm":1771213,"minecraft:drop":152,"minecraft:play_noteblock":1,"minecraft:talked_to_villager":59,"minecraft:interact_with_brewingstand":3,"minecraft:walk_on_water_one_cm":197771,"minecraft:interact_with_loom":2,"minecraft:player_kills":1,"minecraft:crouch_one_cm":166227,"minecraft:mob_kills":552,"minecraft:interact_with_campfire":24,"minecraft:climb_one_cm":13595,"minecraft:walk_one_cm":2027377,"minecraft:walk_under_water_one_cm":142884,"minecraft:boat_one_cm":150939,"minecraft:interact_with_grindstone":12,"minecraft:damage_taken":30409,"minecraft:damage_absorbed":3326,"minecraft:trigger_trapped_chest":3,"minecraft:minecart_one_cm":167224,"minecraft:aviate_one_cm":1387175},"minecraft:killed":{"minecraft:cave_spider":4,"graveyard:wraith":7,"minecraft:skeleton":65,"minecraft:guardian":4,"graveyard:acolyte":2,"minecraft:chicken":8,"minecraft:tropical_fish":1,"minecraft:zombie":149,"minecraft:cow":23,"graveyard:corrupted_vindicator":41,"minecraft:zoglin":1,"minecraft:husk":30,"graveyard:ghoul":7,"minecraft:frog":1,"minecraft:wandering_trader":1,"adventurez:deer":3,"minecraft:enderman":4,"minecraft:witch":1,"graveyard:skeleton_creeper":2,"minecraft:spider":25,"artifacts:mimic":8,"minecraft:pig":15,"minecraft:zombie_villager":1,"minecraft:creeper":15,"minecraft:sheep":24,"minecraft:trader_llama":2,"graveyard:corrupted_pillager":10,"mobcatalog:stonemaw":3,"minecraft:phantom":43,"minecraft:drowned":5,"minecraft:bat":1,"bosses_of_mass_destruction:void_blossom":1,"minecraft:hoglin":2,"minecraft:wither_skeleton":3,"minecraft:villager":1},"minecraft:picked_up":{"minecraft:birch_door":6,"minecraft:flower_pot":2,"minecraft:anvil":3,"minecraft:lead":2,"minecraft:smithing_table":4,"minecraft:stone_slab":1,"magicmirror:magic_mirror":1,"minecraft:string":212,"minecraft:cherry_boat":1,"minecraft:diamond_leggings":1,"minecraft:gold_nugget":3,"minecraft:cobbled_deepslate":445,"bosses_of_mass_destruction:soul_star":5,"minecraft:spruce_planks":19,"minecraft:written_book":1,"hangglider:hang_glider":1,"fleshz:rotten_leather":23,"minecraft:composter":1,"minecraft:green_bed":1,"magistuarmory:rusted_heavymace":1,"minecraft:yellow_banner":2,"minecraft:zombie_spawn_egg":8,"minecraft:phantom_spawn_egg":9,"minecraft:light_gray_bed":1,"minecraft:tropical_fish":16,"minecraft:cow_spawn_egg":6,"minecraft:carved_pumpkin":1,"minecraft:bookshelf":30,"minecraft:iron_bars":7,"minecraft:cave_spider_spawn_egg":1,"minecraft:magma_block":8,"minecraft:feather":4,"minecraft:cooked_beef":1,"minecraft:iron_door":5,"minecraft:water_bucket":1,"minecraft:brown_wool":1,"minecraft:smoker":2,"minecraft:flint":41,"minecraft:chipped_anvil":1,"minecraft:diamond_helmet":1,"minecraft:glowstone_dust":1,"niftycarts:supply_cart":1,"minecraft:moss_block":9,"fleshz:wood_rack":15,"minecraft:sheep_spawn_egg":2,"bosses_of_mass_destruction:crystal_fruit":3,"minecraft:loom":3,"scout:tanned_leather":26,"artifacts:crystal_heart":2,"minecraft:lever":1,"minecraft:spruce_button":1,"minecraft:bread":3,"soulsweapons:guts_sword":1,"minecraft:jack_o_lantern":2,"minecraft:diamond_pickaxe":1,"minecraft:coarse_dirt":8,"minecraft:crafting_table":14,"minecraft:clay_ball":140,"minecraft:leather_leggings":1,"minecraft:spider_spawn_egg":2,"minecraft:red_bed":2,"minecraft:iron_shovel":1,"minecraft:cracked_stone_bricks":1,"minecraft:beef":43,"minecraft:iron_nugget":14,"minecraft:poppy":3,"minecraft:minecart":8,"minecraft:chest":1,"minecraft:piston":1,"minecraft:egg":6,"minecraft:stone":87,"magistuarmory:rustedbarbute":1,"bosses_of_mass_destruction:void_thorn":2,"graveyard:dark_iron_bars":2,"minecraft:carrot":1,"minecraft:redstone":100,"minecraft:tnt":1,"minecraft:beetroot_seeds":4,"minecraft:peony":1,"minecraft:yellow_terracotta":31,"artifacts:pocket_piston":2,"minecraft:glow_berries":9,"minecraft:mutton":40,"minecraft:rail":66,"minecraft:white_wool":22,"magistuarmory:rustedhalfarmor_chestplate":1,"minecraft:oak_log":57,"minecraft:blue_bed":1,"minecraft:spawner":5,"minecraft:stone_bricks":1,"minecraft:apple":1,"minecraft:spore_blossom":1,"minecraft:cobweb":7,"minecraft:iron_ore":7,"minecraft:smooth_basalt":74,"minecraft:sweet_berries":45,"minecraft:gravel":166,"magistuarmory:rustednorman_helmet":2,"minecraft:spruce_sapling":113,"minecraft:spruce_log":225,"magistuarmory:rustedchainmail_leggings":5,"minecraft:crying_obsidian":7,"minecraft:husk_spawn_egg":2,"minecraft:diamond_axe":3,"minecraft:gray_wool":3,"ribbits:umbrella_leaf":1,"minecraft:baked_potato":2,"minecraft:ender_pearl":1,"minecraft:wheat":39,"minecraft:redstone_block":1,"soulsweapons:moonstone":26,"minecraft:stone_brick_stairs":1,"minecraft:raw_copper":168,"minecraft:iron_leggings":1,"minecraft:deepslate_tiles":11,"minecraft:red_sand":112,"minecraft:redstone_torch":1,"minecraft:calcite":251,"minecraft:azalea":3,"minecraft:smooth_quartz_stairs":1,"niftycarts:plow":1,"minecraft:furnace":9,"minecraft:stick":82,"ribbits:toadstool":6,"ribbits:swamp_daisy":3,"minecraft:oak_fence":5,"minecraft:torch":126,"minecraft:porkchop":29,"minecraft:pointed_dripstone":33,"minecraft:diorite":8,"minecraft:rotten_flesh":267,"minecraft:obsidian":32,"morebows:diamond_bow":1,"minecraft:cobblestone":1128,"minecraft:andesite":143,"minecraft:black_bed":1,"minecraft:tuff":63,"graveyard:dark_iron_door":2,"minecraft:wither_skeleton_skull":1,"artifacts:flame_pendant":2,"minecraft:lapis_lazuli":462,"minecraft:dirt":22,"minecraft:glass":11,"minecraft:bone":98,"minecraft:bow":8,"minecraft:cobbled_deepslate_wall":1,"minecraft:wheat_seeds":107,"adventurez:raw_venison":5,"minecraft:raw_gold":98,"minecraft:cobbled_deepslate_slab":4,"minecraft:grindstone":1,"soulsweapons:crucible_sword":1,"minecraft:bamboo":1,"minecraft:powered_rail":18,"minecraft:oak_planks":143,"minecraft:mossy_stone_brick_stairs":1,"artifacts:rooted_boots":1,"minecraft:cooked_porkchop":5,"simplyswords:toxic_longsword":1,"minecraft:cyan_bed":1,"minecraft:skeleton_spawn_egg":3,"minecraft:clay":1,"minecraft:diamond":160,"minecraft:spruce_boat":8,"minecraft:polished_blackstone_button":3,"minecraft:crossbow":1,"graveyard:corrupted_vindicator_spawn_egg":1,"soulsweapons:verglas":11,"minecraft:emerald":16,"minecraft:oak_sapling":25,"minecraft:charcoal":2,"minecraft:allium":1,"minecraft:chicken":7,"minecraft:chest_minecart":2,"minecraft:gold_block":1,"minecraft:moss_carpet":5,"minecraft:iron_axe":1,"soulsweapons:sting":1,"artifacts:fire_gauntlet":1,"minecraft:blackstone":44,"graveyard:corruption":52,"minecraft:detector_rail":6,"fleshz:hide":42,"minecraft:player_head":1,"minecraft:light_gray_wool":2,"minecraft:lectern":13,"minecraft:sugar_cane":698,"minecraft:phantom_membrane":26,"plushies:ravager_plushie":1,"minecraft:raw_iron":188,"minecraft:note_block":1,"minecraft:stone_button":2,"minecraft:arrow":60,"ribbits:swamp_lantern":13,"artifacts:cross_necklace":1,"minecraft:cracked_deepslate_tiles":2,"minecraft:netherite_boots":1,"minecraft:leather":1,"minecraft:birch_planks":21,"minecraft:yellow_bed":1,"minecraft:gunpowder":10,"minecraft:iron_ingot":32,"artifacts:whoopee_cushion":1,"minecraft:cooked_chicken":1,"artifacts:kitty_slippers":1,"minecraft:soul_sand":1,"artifacts:obsidian_skull":1,"minecraft:warped_fungus":1,"minecraft:pumpkin":16,"minecraft:dandelion":1,"minecraft:blast_furnace":3,"minecraft:white_bed":4,"minecraft:spider_eye":8,"minecraft:pumpkin_seeds":5,"minecraft:campfire":2,"magistuarmory:diamond_concavehalberd":1,"graveyard:ghoul_spawn_egg":1,"niftycarts:animal_cart":1,"minecraft:black_wool":2,"minecraft:coal":127},"minecraft:mined":{"minecraft:red_nether_brick_slab":1,"minecraft:white_bed":4,"minerally:deepslate_diamond_crystal_0":8,"minecraft:carved_pumpkin":1,"minecraft:obsidian":32,"minecraft:red_sand":117,"minecraft:light_gray_bed":1,"minecraft:spawner":17,"minecraft:potted_warped_fungus":1,"graveyard:wither_skull_with_rib_cage":1,"minecraft:magma_block":8,"minecraft:cobbled_deepslate":24,"minecraft:fire":9,"minecraft:moss_carpet":2,"minecraft:pumpkin":12,"minecraft:deepslate_lapis_ore":31,"minecraft:cave_vines":7,"minerally:deepslate_diamond_crystal_1":8,"minecraft:player_head":2,"minecraft:piston_head":1,"minecraft:red_bed":2,"soulsweapons:verglas_ore_deepslate":11,"minecraft:smoker":2,"ribbits:swamp_daisy":3,"plushies:ravager_plushie":1,"minecraft:torch":27,"minecraft:note_block":1,"minecraft:blast_furnace":3,"minerally:deepslate_copper_pile":2,"minecraft:glass":11,"minecraft:cyan_bed":1,"minerally:lapis_pile":3,"minecraft:sugar_cane":388,"bosses_of_mass_destruction:vine_wall":7,"minerally:deepslate_geode":2,"minecraft:wheat":38,"minecraft:black_bed":1,"minecraft:stone_brick_stairs":1,"minecraft:grass":26,"minecraft:loom":3,"minecraft:smooth_basalt":75,"minerally:gold_pile":1,"fleshz:wood_rack":9,"minecraft:deepslate":459,"minecraft:yellow_terracotta":32,"minecraft:deepslate_tiles":12,"minecraft:jack_o_lantern":2,"minecraft:cobbled_deepslate_slab":3,"minecraft:dark_oak_fence":1,"minecraft:spruce_fence":1,"graveyard:tg_deepslate":3,"minerally:deepslate_iron_pile_1":1,"ribbits:toadstool":6,"minerally:lapis_pile_1":3,"ribbits:umbrella_leaf":1,"minecraft:potted_bamboo":1,"minecraft:moss_block":13,"minerally:deepslate_lapis_pile_0":4,"minecraft:redstone_ore":4,"minerally:redstone_pile_0":1,"bosses_of_mass_destruction:void_blossom":8,"minecraft:polished_blackstone_button":2,"minerally:copper_pile":1,"minecraft:andesite":149,"minerally:deepslate_iron_pile":1,"minecraft:mossy_stone_brick_stairs":2,"minerally:deepslate_gold_pile":7,"minecraft:rail":60,"minecraft:smooth_quartz_stairs":1,"graveyard:lying_wither_skeleton":1,"minecraft:smithing_table":4,"minecraft:redstone_block":1,"minecraft:soul_sand":1,"minecraft:dandelion":1,"minerally:redstone_pile":1,"minerally:diamond_crystal_0":1,"minecraft:campfire":3,"minecraft:tall_grass":12,"minecraft:copper_ore":23,"minerally:gold_pile_0":1,"minerally:copper_pile_1":1,"minecraft:deepslate_gold_ore":56,"minecraft:diorite":4,"minecraft:black_stained_glass":4,"minecraft:coarse_dirt":9,"minerally:gold_rock":6,"graveyard:vase_block":1,"minecraft:spruce_log":226,"minerally:iron_rock":3,"minerally:deepslate_coal_pile":2,"minecraft:gravel":210,"minecraft:dripstone_block":3,"minecraft:cobweb":181,"minecraft:stone_bricks":1,"minecraft:chipped_anvil":1,"minecraft:gold_ore":2,"minecraft:fern":10,"minerally:diamond_crystal":1,"minerally:deepslate_gold_pile_0":7,"minerally:deepslate_emerald_crystal_0":3,"minerally:deepslate_gold_pile_1":7,"minecraft:spruce_planks":14,"minerally:deepslate_emerald_crystal_1":3,"minerally:copper_rock":2,"minecraft:cave_vines_plant":2,"minecraft:grass_block":5,"graveyard:dark_iron_door":2,"minecraft:composter":1,"minerally:deepslate_copper_pile_0":2,"minecraft:iron_ore":63,"minerally:coal_rock":8,"graveyard:leaning_wither_skeleton":1,"minecraft:anvil":3,"minerally:iron_pile_1":1,"minecraft:pointed_dripstone":22,"minerally:deepslate_coal_pile_0":2,"minecraft:iron_bars":8,"minerally:diamond_rock":5,"minecraft:azalea_leaves":1,"minecraft:azalea":4,"minecraft:green_bed":1,"minerally:deepslate_redstone_pile_0":1,"minecraft:deepslate_redstone_ore":17,"minerally:deepslate_redstone_pile":1,"minecraft:blackstone":42,"minecraft:polished_deepslate_stairs":1,"minerally:iron_pile":2,"minecraft:yellow_banner":1,"minecraft:clay":27,"minecraft:calcite":298,"minecraft:poppy":2,"minerally:deepslate_coal_pile_1":2,"minecraft:chest":1,"minerally:deepslate_emerald_crystal":3,"minecraft:cobblestone":60,"minerally:iron_pile_0":2,"minecraft:grindstone":1,"minecraft:oak_planks":112,"minecraft:iron_door":4,"minecraft:wall_torch":59,"minecraft:deepslate_copper_ore":9,"minecraft:powered_rail":14,"minecraft:tnt":3,"minecraft:cracked_deepslate_tiles":3,"graveyard:creeper_skeleton":2,"minecraft:oak_log":66,"minecraft:dirt":14,"minerally:deepslate_copper_pile_1":2,"minecraft:wither_skeleton_skull":1,"minecraft:tripwire_hook":1,"minecraft:netherrack":7,"minecraft:crying_obsidian":7,"minecraft:tuff":64,"minecraft:yellow_wall_banner":1,"minecraft:deepslate_diamond_ore":104,"minecraft:lever":1,"minecraft:spruce_leaves":24,"minecraft:large_fern":8,"minerally:deepslate_lapis_pile":4,"minerally:deepslate_diamond_crystal":8,"minecraft:spruce_sapling":1,"minecraft:furnace":9,"minerally:redstone_pile_1":1,"minecraft:peony":1,"minecraft:gold_block":1,"minerally:deepslate_iron_pile_0":1,"soulsweapons:moonstone_ore_deepslate":21,"minecraft:bookshelf":30,"minecraft:deepslate_iron_ore":95,"minerally:copper_pile_0":1,"minecraft:stone":1317,"minecraft:podzol":3,"minecraft:flowering_azalea":1,"minerally:gold_pile_1":1,"minerally:deepslate_redstone_pile_1":1,"minecraft:oak_fence":5,"minecraft:crafting_table":14,"ribbits:swamp_lantern":13,"minecraft:lectern":13,"minecraft:stone_slab":1,"minecraft:deepslate_coal_ore":2,"minecraft:lapis_ore":8,"minerally:lapis_rock":3,"minecraft:blue_bed":1,"minecraft:redstone_torch":1,"minecraft:ice":4,"minerally:emerald_rock":2,"minecraft:yellow_bed":1,"graveyard:dark_iron_bars":2,"minecraft:coal_ore":68,"minerally:lapis_pile_0":3,"minecraft:cracked_stone_bricks":1,"minerally:diamond_crystal_1":1,"minerally:deepslate_lapis_pile_1":3},"minecraft:crafted":{"minecraft:lever":1,"minecraft:bookshelf":12,"minecraft:cooked_mutton":40,"spawnermod:spawner_key":1,"minecraft:glass":38,"minecraft:diamond_helmet":6,"minecraft:diamond_leggings":4,"plushies:ravager_plushie":1,"minecraft:polished_blackstone":12,"minecraft:iron_door":3,"minecraft:birch_door":3,"magicmirror:magic_mirror":1,"minecraft:emerald":64,"minecraft:cooked_porkchop":29,"minecraft:copper_ingot":81,"minecraft:fletching_table":1,"minecraft:campfire":2,"scout:pouch":4,"minecraft:stone_slab":6,"minecraft:iron_pickaxe":2,"minecraft:iron_block":14,"minecraft:gold_ingot":72,"simplyswords:diamond_sai":1,"minecraft:composter":1,"scout:satchel_strap":4,"hangglider:glider_framework":3,"minecraft:stone_shovel":1,"minecraft:iron_nugget":18,"minecraft:polished_blackstone_pressure_plate":4,"minecraft:bone_meal":87,"hangglider:glider_wing":6,"scout:upgraded_pouch":1,"minecraft:spruce_slab":60,"minecraft:stone_pickaxe":2,"minecraft:diamond_boots":5,"minecraft:spruce_boat":1,"minecraft:redstone_block":8,"minecraft:enchanting_table":1,"magistuarmory:rustedchainmail_leggings":1,"minecraft:enchanted_book":5,"minecraft:iron_shovel":1,"minecraft:iron_leggings":2,"minecraft:white_bed":2,"scout:upgraded_satchel":2,"minecraft:note_block":3,"adventurez:cooked_venison":5,"minecraft:grindstone":1,"minecraft:oak_planks":216,"scout:satchel":2,"hangglider:hang_glider":3,"fleshz:rotten_leather":58,"minecraft:cooked_chicken":7,"minecraft:stone":11,"minecraft:polished_blackstone_button":4,"fleshz:wood_rack":26,"minecraft:iron_boots":1,"minecraft:chest":8,"minecraft:rail":256,"minecraft:oak_fence":24,"minecraft:oak_slab":30,"fleshz:prepared_hide":129,"minecraft:arrow":4,"minecraft:cauldron":1,"minecraft:crafting_table":4,"minecraft:spruce_planks":636,"minecraft:iron_helmet":1,"minecraft:wooden_pickaxe":1,"minecraft:spruce_trapdoor":2,"minecraft:book":48,"minecraft:iron_chestplate":2,"minecraft:paper":120,"minecraft:diamond_pickaxe":3,"minecraft:shield":1,"minecraft:stick":1512,"minecraft:iron_ingot":231,"minecraft:stone_sword":1,"simplyswords:diamond_halberd":1,"minecraft:redstone_torch":16,"morebows:diamond_bow":1,"minecraft:shears":1,"soulsweapons:guts_sword":1,"simplyswords:diamond_greathammer":1,"minecraft:stone_button":5,"minecraft:furnace":4,"minecraft:piston":1,"minecraft:flint_and_steel":1,"immersive_melodies:piano":1,"minecraft:iron_axe":2,"magistuarmory:steel_ingot":2,"minecraft:iron_hoe":1,"magistuarmory:diamond_buckler":2,"minecraft:minecart":4,"minecraft:cooked_beef":45,"minecraft:sugar":393,"minecraft:powered_rail":102,"minecraft:bucket":5,"minecraft:stone_axe":1,"ribbits:maraca":2,"minecraft:air":0,"minecraft:bread":16,"torchesntrinkets:torch_belt":2,"minecraft:anvil":1,"soulsweapons:sting":1,"minecraft:torch":16,"minecraft:diamond_chestplate":5},"minecraft:used":{"minecraft:moss_block":4,"minecraft:elytra":1,"minecraft:chest":18,"minecraft:rotten_flesh":32,"minecraft:soul_sand":1,"minecraft:spruce_boat":9,"minecraft:polished_blackstone_slab":2,"minecraft:lava_bucket":2,"minecraft:villager_spawn_egg":6,"minecraft:grass_block":14,"minecraft:bow":10,"minecraft:sweet_berries":6,"minecraft:furnace":14,"minecraft:egg":1,"minecraft:cow_spawn_egg":5,"minecraft:powered_rail":128,"minecraft:blackstone":237,"minecraft:wooden_pickaxe":59,"minecraft:composter":1,"minecraft:clay":1,"morebows:ender_bow":3,"minecraft:smooth_quartz_stairs":4,"minecraft:golden_apple":56,"minecraft:glow_berries":31,"minecraft:blast_furnace":3,"magistuarmory:longbow":1,"minecraft:stone_button":2,"minecraft:lectern":11,"graveyard:ghoul_spawn_egg":3,"graveyard:dark_iron_door":2,"minecraft:smithing_table":4,"simplyswords:toxic_longsword":1,"minecraft:diorite_stairs":5,"soulsweapons:sting":1110,"minecraft:polished_blackstone_brick_slab":12,"minecraft:enchanting_table":2,"minecraft:iron_bars":5,"minecraft:stone_sword":49,"soulsweapons:darkmoon_longbow":8,"minecraft:torch":150,"minecraft:anvil":3,"minecraft:chipped_anvil":1,"minecraft:iron_axe":199,"minecraft:spruce_button":3,"minecraft:spawner":2,"soulsweapons:guts_sword":705,"minecraft:smooth_basalt":7,"minecraft:diamond_chestplate":1,"minecraft:cobbled_deepslate":149,"minecraft:pointed_dripstone":1,"minecraft:calcite":555,"minecraft:wheat_seeds":58,"minecraft:water_bucket":150,"minecraft:cauldron":1,"minecraft:fletching_table":1,"minecraft:sheep_spawn_egg":2,"minecraft:rail":370,"minecraft:crafting_table":18,"minecraft:red_bed":2,"minecraft:phantom_spawn_egg":9,"minecraft:white_bed":7,"minecraft:campfire":8,"minecraft:cod":10,"minecraft:diamond_pickaxe":2625,"minecraft:iron_pickaxe":738,"minecraft:spruce_trapdoor":2,"minecraft:spruce_sapling":28,"minecraft:cobblestone":229,"minecraft:potion":1,"minecraft:cooked_porkchop":23,"minecraft:red_sand":127,"minecraft:iron_shovel":167,"minecraft:zombie_spawn_egg":6,"simplyswords:diamond_sai":47,"minecraft:deepslate_tile_slab":3,"minecraft:glass":42,"graveyard:corrupted_vindicator_spawn_egg":1,"minecraft:iron_helmet":1,"minecraft:magma_block":1,"minecraft:polished_diorite_stairs":19,"plushies:ravager_plushie":2,"minecraft:diamond_boots":1,"adventurez:cooked_venison":5,"minecraft:stone_pickaxe":178,"minecraft:oak_planks":303,"minecraft:redstone_block":9,"simplyswords:diamond_halberd":65,"minecraft:diamond_axe":119,"minecraft:sugar_cane":98,"minecraft:yellow_terracotta":8,"minecraft:note_block":1,"minecraft:shears":1,"minecraft:redstone_torch":13,"eldritch_end:primordial_boat":1,"minecraft:lever":1,"minecraft:firework_rocket":55,"minecraft:bread":63,"minecraft:cyan_bed":1,"minecraft:iron_door":7,"minecraft:gravel":42,"minecraft:grindstone":1,"minecraft:chain":2,"minecraft:coarse_dirt":6,"minecraft:bone_meal":131,"minecraft:cobweb":122,"minecraft:cherry_boat":1,"minecraft:oak_fence":19,"minecraft:flint_and_steel":16,"minecraft:stone_shovel":24,"morebows:diamond_bow":849,"minecraft:spruce_planks":39,"minecraft:cooked_chicken":2,"graveyard:wraith_spawn_egg":1,"minecraft:dirt":23,"minecraft:birch_door":1,"minecraft:iron_hoe":27,"minecraft:bookshelf":12,"simplyswords:diamond_greathammer":16,"minecraft:minecart":10,"minecraft:cooked_beef":55,"minecraft:pumpkin":1,"minecraft:iron_leggings":1,"minecraft:cooked_mutton":10,"minecraft:baked_potato":17,"minecraft:polished_blackstone_pressure_plate":4,"minecraft:smoker":2,"minecraft:piston":1,"morebows:gold_bow":4,"minecraft:stone_axe":24,"morebows:flame_bow":3,"fleshz:wood_rack":30,"minecraft:bucket":157,"minecraft:yellow_bed":1,"minecraft:polished_blackstone_button":8}},"DataVersion":3465}