{"stats":{"minecraft:broken":{"minecraft:diamond_helmet":1,"minecraft:iron_boots":1,"minecraft:iron_chestplate":1,"minecraft:wooden_pickaxe":1,"minecraft:iron_pickaxe":1,"minecraft:iron_helmet":1,"magistuarmory:rustedbarbute":1,"magistuarmory:rustedchainmail_leggings":2,"minecraft:stone_pickaxe":1},"minecraft:dropped":{"bosses_of_mass_destruction:charged_ender_pearl":1,"minecraft:iron_sword":1,"minecraft:diamond":31,"minecraft:spore_blossom":1,"minecraft:cooked_porkchop":11,"minecraft:glow_berries":2,"minecraft:saddle":2,"minecraft:dirt":3,"aquamirae:dead_sea_scroll":3,"minecraft:mangrove_stairs":1,"minecraft:gold_nugget":8,"minecraft:iron_pickaxe":1,"minecraft:mangrove_slab":6,"minecraft:bone":26,"minecraft:cherry_boat":1,"minecraft:stone_axe":1,"minecraft:detector_rail":4,"minecraft:cobbled_deepslate":20,"niftycarts:plow":1,"magistuarmory:steel_ring":5,"minecraft:wheat":20,"minecraft:obsidian":2,"minecraft:rotten_flesh":173,"minecraft:oak_planks":17,"minecraft:enchanted_golden_apple":1,"scout:upgraded_pouch":2,"minecraft:white_bed":1,"bosses_of_mass_destruction:soul_star":4,"graveyard:ghoul_spawn_egg":1,"aquamirae:sharp_bones":39,"minecraft:enchanted_book":1,"minecraft:egg":1,"morebows:diamond_bow":1,"minecraft:wheat_seeds":5,"minecraft:tnt":64,"minecraft:smooth_quartz_stairs":1,"scout:tanned_leather":4,"minecraft:oak_fence":33,"minecraft:cobblestone":68,"artifacts:whoopee_cushion":1,"fleshz:prepared_hide":1,"magistuarmory:diamond_chivalrylance":1,"minecraft:golden_apple":20,"minecraft:gray_wool":1,"minecraft:golden_carrot":38,"scout:upgraded_satchel":1,"soulsweapons:guts_sword":1,"minecraft:diamond_helmet":2,"minecraft:potion":1,"minecraft:pumpkin":3,"minecraft:iron_shovel":2,"minecraft:chainmail_leggings":1,"minecraft:string":66,"minecraft:spruce_sapling":3,"minecraft:soul_soil":15,"minecraft:clay_ball":4,"minecraft:stone_slab":1,"magistuarmory:steel_nugget":5,"minecraft:flower_pot":1,"aquamirae:fin":10,"minecraft:spruce_trapdoor":2,"minecraft:spruce_planks":13,"minecraft:diamond_pickaxe":2,"aquamirae:spinefish":8,"minecraft:spider_eye":1,"minecraft:bow":6,"minecraft:black_wool":1,"minecraft:moss_block":2,"niftycarts:supply_cart":1,"minecraft:diamond_axe":2,"simplyswords:diamond_halberd":1,"minecraft:leather":34,"minecraft:chest_minecart":1,"magistuarmory:rustednorman_helmet":1,"minecraft:flint":65,"morebows:ender_bow":1,"minecraft:crimson_roots":2,"minecraft:gold_ingot":4,"minecraft:gravel":8,"hangglider:hang_glider":4,"minecraft:pointed_dripstone":1,"fleshz:hide":1,"magistuarmory:diamond_buckler":1,"minecraft:gunpowder":5,"artifacts:helium_flamingo":3,"minecraft:azalea":2,"minecraft:birch_door":7,"minecraft:iron_bars":17,"minecraft:netherrack":1692,"magicmirror:magic_mirror":2,"minecraft:water_bucket":1,"minecraft:diamond_leggings":2,"niftycarts:animal_cart":1,"minecraft:tropical_fish":2,"minecraft:stick":1,"minecraft:diorite":8,"artifacts:obsidian_skull":1,"minecraft:nether_wart_block":1,"minecraft:iron_door":2,"minecraft:iron_leggings":2,"torchesntrinkets:torch_belt":2,"fleshz:wood_rack":2,"artifacts:crystal_heart":1,"minecraft:iron_axe":3,"minecraft:bucket":1,"simplyswords:toxic_longsword":1,"artifacts:kitty_slippers":1,"simplyswords:gold_warglaive":2,"soulsweapons:sting":1,"minecraft:phantom_spawn_egg":1,"artifacts:flame_pendant":2,"magistuarmory:diamond_concavehalberd":2,"minecraft:shield":1,"minecraft:diamond_chestplate":1,"minecraft:iron_chestplate":1,"minecraft:andesite":40,"minecraft:golden_leggings":1,"minecraft:oak_sapling":3,"artifacts:pocket_piston":3,"minecraft:diamond_boots":2,"artifacts:cross_necklace":2,"minecraft:stone_pickaxe":1,"minecraft:calcite":6},"minecraft:killed_by":{"graveyard:acolyte":1,"minecraft:zombie":30,"minecraft:husk":1,"minecraft:creeper":1,"minecraft:cave_spider":1,"graveyard:wraith":4,"minecraft:spider":4,"minecraft:enderman":2,"minecraft:skeleton":4,"graveyard:corrupted_vindicator":4},"minecraft:custom":{"minecraft:interact_with_crafting_table":230,"minecraft:open_barrel":140,"minecraft:leave_game":18,"minecraft:time_since_death":761736,"minecraft:damage_blocked_by_shield":153,"minecraft:play_time":1776382,"minecraft:deaths":55,"minecraft:jump":15759,"minecraft:enchant_item":41,"minecraft:interact_with_furnace":361,"minecraft:play_record":2,"minecraft:traded_with_villager":105,"minecraft:interact_with_cartography_table":1,"minecraft:sleep_in_bed":10,"minecraft:damage_dealt":123213,"minecraft:interact_with_smoker":65,"minecraft:use_cauldron":10,"minecraft:interact_with_smithing_table":16,"minecraft:horse_one_cm":55174,"minecraft:interact_with_anvil":44,"minecraft:sneak_time":84155,"minecraft:interact_with_blast_furnace":100,"minecraft:total_world_time":1776382,"minecraft:time_since_rest":761865,"minecraft:swim_one_cm":472455,"minecraft:fly_one_cm":4190871,"minecraft:open_chest":1358,"minecraft:fall_one_cm":352984,"minecraft:animals_bred":1,"minecraft:damage_resisted":1026,"minecraft:sprint_one_cm":2490732,"minecraft:drop":263,"minecraft:play_noteblock":1,"minecraft:talked_to_villager":67,"minecraft:interact_with_brewingstand":3,"minecraft:walk_on_water_one_cm":233061,"minecraft:interact_with_loom":2,"minecraft:player_kills":2,"minecraft:crouch_one_cm":249919,"minecraft:mob_kills":768,"minecraft:fill_cauldron":4,"minecraft:interact_with_campfire":24,"minecraft:climb_one_cm":14496,"minecraft:walk_one_cm":2935995,"minecraft:raid_win":1,"minecraft:walk_under_water_one_cm":230307,"minecraft:boat_one_cm":377355,"minecraft:raid_trigger":13,"minecraft:interact_with_grindstone":12,"minecraft:damage_taken":39911,"minecraft:damage_absorbed":4160,"minecraft:trigger_trapped_chest":3,"minecraft:minecart_one_cm":218236,"minecraft:aviate_one_cm":1503418},"minecraft:killed":{"minecraft:cave_spider":4,"graveyard:wraith":7,"minecraft:zombie_horse":1,"minecraft:skeleton":87,"minecraft:guardian":4,"graveyard:acolyte":2,"minecraft:chicken":8,"minecraft:tropical_fish":1,"minecraft:magma_cube":9,"minecraft:pillager":21,"minecraft:zombie":183,"minecraft:glow_squid":1,"minecraft:cow":23,"minecraft:evoker":1,"graveyard:corrupted_vindicator":41,"minecraft:vindicator":11,"minecraft:zoglin":1,"minecraft:horse":1,"minecraft:husk":30,"graveyard:ghoul":8,"minecraft:wandering_trader":1,"minecraft:frog":1,"minecraft:ravager":1,"adventurez:deer":3,"soulsweapons:withered_demon":9,"minecraft:enderman":6,"minecraft:zombified_piglin":3,"minecraft:witch":3,"graveyard:skeleton_creeper":2,"minecraft:spider":33,"aquamirae:tortured_soul":1,"soulsweapons:accursed_lord_boss":1,"soulsweapons:evil_forlorn":2,"aquamirae:golden_moth":1,"artifacts:mimic":8,"minecraft:piglin":2,"minecraft:pig":15,"minecraft:zombie_villager":2,"minecraft:creeper":22,"minecraft:sheep":27,"minecraft:trader_llama":2,"minecraft:stray":1,"minecraft:ghast":1,"aquamirae:eel":2,"graveyard:corrupted_pillager":10,"minecraft:blaze":1,"minecraft:vex":5,"adventurez:nightmare":1,"graveyard:revenant":2,"mobcatalog:stonemaw":3,"minecraft:phantom":78,"bosses_of_mass_destruction:lich":1,"minecraft:drowned":6,"minecraft:bat":1,"bosses_of_mass_destruction:void_blossom":2,"minecraft:hoglin":4,"minecraft:wither_skeleton":4,"minecraft:villager":1},"minecraft:picked_up":{"minecraft:birch_door":6,"minecraft:chainmail_boots":1,"minecraft:flower_pot":2,"minecraft:anvil":3,"minecraft:diamond_sword":1,"minecraft:lead":2,"minecraft:smithing_table":4,"minecraft:stone_slab":1,"minecraft:enchanted_book":5,"magicmirror:magic_mirror":2,"minecraft:string":218,"minecraft:soul_soil":15,"magistuarmory:netherite_ranseur":1,"minecraft:cherry_boat":1,"minecraft:diamond_leggings":1,"minecraft:gold_nugget":763,"minecraft:cobbled_deepslate":464,"bosses_of_mass_destruction:soul_star":20,"minecraft:spruce_planks":19,"minecraft:written_book":1,"hangglider:hang_glider":1,"minecraft:mangrove_log":33,"fleshz:rotten_leather":23,"minecraft:jukebox":1,"minecraft:composter":1,"minecraft:green_bed":1,"magistuarmory:rusted_heavymace":1,"minecraft:cauldron":3,"minecraft:yellow_banner":2,"minecraft:zombie_spawn_egg":8,"minecraft:phantom_spawn_egg":9,"minecraft:light_gray_bed":1,"minecraft:tropical_fish":16,"minecraft:cow_spawn_egg":6,"minecraft:polished_basalt":2,"minecraft:carved_pumpkin":1,"minecraft:bookshelf":30,"minecraft:blaze_rod":2,"graveyard:skull_on_pike":1,"minecraft:iron_bars":7,"minecraft:snowball":28,"minecraft:cave_spider_spawn_egg":1,"minecraft:magma_block":20,"morebows:ender_bow":1,"minecraft:feather":4,"minecraft:cooked_beef":1,"minecraft:iron_door":5,"minecraft:water_bucket":1,"minecraft:brown_wool":1,"minecraft:smoker":2,"minecraft:flint":42,"minecraft:mangrove_slab":5,"aquamirae:fin":10,"minecraft:chipped_anvil":1,"minecraft:diamond_helmet":1,"minecraft:glowstone_dust":3,"niftycarts:supply_cart":1,"minecraft:moss_block":18,"fleshz:wood_rack":15,"minecraft:vindicator_spawn_egg":1,"minecraft:sheep_spawn_egg":2,"bosses_of_mass_destruction:crystal_fruit":6,"minecraft:loom":3,"scout:tanned_leather":26,"artifacts:crystal_heart":2,"minecraft:lever":2,"minecraft:spruce_button":1,"minecraft:bread":3,"minecraft:crimson_roots":2,"soulsweapons:guts_sword":1,"minecraft:jack_o_lantern":2,"minecraft:diamond_pickaxe":2,"minecraft:spruce_leaves":334,"minecraft:coarse_dirt":63,"minecraft:crafting_table":14,"minecraft:clay_ball":140,"minecraft:golden_pickaxe":1,"minecraft:leather_leggings":1,"minecraft:spider_spawn_egg":2,"aquamirae:sharp_bones":39,"minecraft:red_bed":2,"minecraft:iron_shovel":1,"minecraft:cracked_stone_bricks":3,"anim_guns:lmg_minigun":2,"aquamirae:dead_sea_scroll":3,"minecraft:beef":43,"minecraft:iron_nugget":25,"minecraft:poppy":3,"minecraft:minecart":9,"minecraft:chest":2,"minecraft:piston":1,"minecraft:egg":7,"minecraft:stone":87,"magistuarmory:rustedbarbute":1,"bosses_of_mass_destruction:void_thorn":4,"graveyard:dark_iron_bars":2,"minecraft:carrot":311,"minecraft:redstone":112,"minecraft:tnt":1,"minecraft:beetroot_seeds":4,"minecraft:peony":1,"minecraft:yellow_terracotta":31,"minecraft:gold_ingot":1,"minecraft:totem_of_undying":1,"aquamirae:treasure_pouch":6,"artifacts:pocket_piston":2,"minecraft:glow_berries":9,"minecraft:mutton":40,"minecraft:bone_block":14,"minecraft:rail":67,"minecraft:white_wool":22,"magistuarmory:rustedhalfarmor_chestplate":1,"aquamirae:spinefish":8,"minecraft:oak_log":67,"minecraft:ancient_debris":12,"minecraft:blue_bed":1,"minecraft:white_banner":5,"minecraft:spawner":5,"soulsweapons:withered_demon_spawn_egg":1,"minecraft:stone_bricks":1,"minecraft:apple":1,"minecraft:creeper_spawn_egg":2,"minecraft:spore_blossom":1,"minecraft:cobweb":7,"minecraft:iron_ore":7,"minecraft:flowering_azalea":1,"minecraft:smooth_basalt":75,"aquamirae:ship_graveyard_echo":13,"minecraft:sweet_berries":47,"minecraft:gravel":166,"magistuarmory:longbow":1,"magistuarmory:rustednorman_helmet":2,"minecraft:spruce_sapling":114,"minecraft:spruce_log":251,"magistuarmory:rustedchainmail_leggings":5,"minecraft:crying_obsidian":7,"minecraft:husk_spawn_egg":2,"minecraft:diamond_axe":4,"minecraft:gray_wool":4,"ribbits:umbrella_leaf":1,"minecraft:baked_potato":2,"minecraft:ender_pearl":1,"minecraft:wheat":57,"minecraft:redstone_block":1,"minecraft:iron_trapdoor":1,"soulsweapons:moonstone":28,"minecraft:stone_brick_stairs":2,"minecraft:raw_copper":168,"minecraft:iron_leggings":1,"soulsweapons:chungus_disc":2,"minecraft:deepslate_tiles":11,"minecraft:red_sand":112,"minecraft:bucket":1,"minecraft:redstone_torch":1,"minecraft:calcite":262,"minecraft:azalea":9,"minecraft:smooth_quartz_stairs":1,"niftycarts:plow":1,"minecraft:furnace":9,"minecraft:tipped_arrow":1,"minecraft:stick":83,"ribbits:toadstool":6,"ribbits:swamp_daisy":3,"minecraft:oak_fence":29,"minecraft:torch":126,"minecraft:porkchop":29,"minecraft:pointed_dripstone":33,"minecraft:diorite":8,"minecraft:mangrove_stairs":45,"minecraft:rotten_flesh":295,"minecraft:obsidian":37,"morebows:diamond_bow":1,"minecraft:cobblestone":1130,"graveyard:skull_pile":2,"bosses_of_mass_destruction:charged_ender_pearl":1,"minecraft:andesite":143,"minecraft:black_bed":1,"minecraft:golden_leggings":2,"minecraft:tuff":68,"graveyard:dark_iron_door":2,"artifacts:flame_pendant":2,"minecraft:wither_skeleton_skull":3,"minecraft:lapis_lazuli":468,"minecraft:dirt":41,"minecraft:glass":11,"minecraft:bone":123,"minecraft:bow":10,"minecraft:cobbled_deepslate_wall":1,"minecraft:wheat_seeds":146,"adventurez:raw_venison":5,"minecraft:raw_gold":100,"minecraft:cobbled_deepslate_slab":4,"minecraft:grindstone":1,"soulsweapons:crucible_sword":1,"graveyard:creeper_skeleton":3,"minecraft:bamboo":1,"minecraft:powered_rail":18,"minecraft:oak_planks":288,"minecraft:mossy_stone_brick_stairs":1,"minecraft:music_disc_13":1,"minecraft:cooked_porkchop":12,"simplyswords:toxic_longsword":1,"artifacts:rooted_boots":1,"minecraft:sand":1,"minecraft:cyan_bed":1,"minecraft:skeleton_spawn_egg":4,"minecraft:clay":1,"minecraft:diamond":166,"minecraft:spruce_boat":8,"minecraft:polished_blackstone_button":3,"minecraft:crossbow":3,"magistuarmory:diamond_chivalrylance":2,"graveyard:corrupted_vindicator_spawn_egg":1,"soulsweapons:verglas":11,"minecraft:emerald":21,"minecraft:oak_sapling":28,"minecraft:netherrack":2447,"minecraft:charcoal":2,"minecraft:allium":1,"minecraft:chicken":7,"minecraft:chest_minecart":2,"minecraft:stone_brick_wall":14,"minecraft:gold_block":1,"soulsweapons:demon_heart":4,"minecraft:moss_carpet":38,"minecraft:iron_axe":3,"minecraft:wooden_sword":1,"minecraft:vex_spawn_egg":1,"soulsweapons:sting":1,"artifacts:fire_gauntlet":1,"minecraft:blackstone":64,"graveyard:corruption":53,"minecraft:detector_rail":6,"fleshz:hide":43,"minecraft:player_head":1,"minecraft:light_gray_wool":2,"minecraft:lectern":13,"minecraft:sugar_cane":700,"minecraft:spruce_trapdoor":2,"minecraft:phantom_membrane":40,"plushies:ravager_plushie":1,"minecraft:raw_iron":189,"minecraft:note_block":1,"minecraft:stone_button":2,"minecraft:arrow":78,"ribbits:swamp_lantern":13,"artifacts:cross_necklace":2,"minecraft:saddle":1,"bosses_of_mass_destruction:ancient_anima":2,"minecraft:cracked_deepslate_tiles":2,"minecraft:netherite_boots":1,"minecraft:basalt":2,"minecraft:golden_carrot":3,"minecraft:glow_ink_sac":2,"minecraft:leather":1,"minecraft:birch_planks":21,"magistuarmory:bear_decoration":1,"minecraft:ice":5,"soulsweapons:withered_demon_heart":1,"minecraft:yellow_bed":1,"minecraft:nether_wart_block":1,"minecraft:gunpowder":15,"minecraft:cooked_mutton":2,"soulsweapons:lord_soul_red":1,"torchesntrinkets:torch_belt":1,"minecraft:iron_ingot":32,"artifacts:whoopee_cushion":1,"minecraft:cooked_chicken":1,"artifacts:kitty_slippers":1,"minecraft:soul_sand":30,"minecraft:book":1,"minecraft:pillager_spawn_egg":1,"artifacts:obsidian_skull":1,"minecraft:warped_fungus":1,"minecraft:pumpkin":16,"minecraft:quartz":439,"minecraft:dandelion":1,"simplyswords:gold_warglaive":2,"minecraft:blast_furnace":3,"minecraft:white_bed":4,"minecraft:spider_eye":10,"soulsweapons:darkin_blade":3,"artifacts:helium_flamingo":2,"minecraft:mangrove_leaves":83,"minecraft:pumpkin_seeds":5,"minecraft:campfire":2,"magistuarmory:diamond_concavehalberd":1,"graveyard:ghoul_spawn_egg":1,"niftycarts:animal_cart":1,"minecraft:black_wool":2,"minecraft:coal":127},"minecraft:mined":{"minecraft:red_nether_brick_slab":1,"minecraft:white_bed":4,"minerally:deepslate_diamond_crystal_0":8,"minecraft:carved_pumpkin":1,"minecraft:obsidian":35,"minecraft:red_sand":117,"minecraft:light_gray_bed":1,"minecraft:spawner":17,"minecraft:potted_warped_fungus":1,"graveyard:wither_skull_with_rib_cage":1,"minecraft:magma_block":25,"minecraft:cobbled_deepslate":24,"minecraft:fire":41,"minecraft:moss_carpet":2,"minecraft:pumpkin":12,"minecraft:deepslate_lapis_ore":31,"minecraft:cave_vines":7,"minerally:deepslate_diamond_crystal_1":8,"minecraft:player_head":2,"minecraft:piston_head":1,"minecraft:red_bed":2,"soulsweapons:verglas_ore_deepslate":11,"minecraft:smoker":2,"ribbits:swamp_daisy":3,"plushies:ravager_plushie":1,"minecraft:torch":27,"minecraft:note_block":1,"minecraft:blast_furnace":3,"minerally:deepslate_copper_pile":2,"minecraft:glass":11,"minecraft:cyan_bed":1,"minerally:lapis_pile":3,"minecraft:sugar_cane":390,"bosses_of_mass_destruction:vine_wall":13,"minerally:deepslate_geode":2,"graveyard:wither_skeleton_hand":1,"minecraft:wheat":47,"minecraft:jukebox":1,"minecraft:black_bed":1,"minecraft:stone_brick_stairs":1,"minecraft:grass":29,"minecraft:loom":3,"minecraft:mangrove_log":33,"minecraft:smooth_basalt":76,"minerally:gold_pile":1,"fleshz:wood_rack":9,"minecraft:deepslate":476,"minecraft:yellow_terracotta":32,"minecraft:deepslate_tiles":12,"minecraft:jack_o_lantern":2,"minecraft:dark_oak_fence":1,"minecraft:cobbled_deepslate_slab":3,"minecraft:spruce_fence":1,"minecraft:crimson_roots":1,"graveyard:tg_deepslate":3,"minerally:deepslate_iron_pile_1":1,"ribbits:toadstool":6,"minerally:lapis_pile_1":3,"ribbits:umbrella_leaf":1,"minecraft:potted_bamboo":1,"minecraft:moss_block":21,"minerally:deepslate_lapis_pile_0":6,"minecraft:redstone_ore":4,"minerally:redstone_pile_0":1,"bosses_of_mass_destruction:void_blossom":18,"minecraft:polished_blackstone_button":2,"minerally:copper_pile":1,"minecraft:andesite":149,"minerally:deepslate_iron_pile":1,"minecraft:mossy_stone_brick_stairs":2,"minerally:deepslate_gold_pile":7,"minecraft:rail":60,"minecraft:smooth_quartz_stairs":1,"minecraft:bone_block":14,"graveyard:lying_wither_skeleton":1,"minecraft:smithing_table":4,"minecraft:mangrove_stairs":45,"minecraft:redstone_block":1,"minecraft:soul_sand":26,"minecraft:dandelion":1,"minerally:redstone_pile":1,"minerally:diamond_crystal_0":1,"minecraft:campfire":3,"minecraft:tall_grass":14,"minecraft:copper_ore":23,"minerally:gold_pile_0":1,"minerally:copper_pile_1":1,"minecraft:deepslate_gold_ore":56,"minecraft:diorite":4,"minecraft:black_stained_glass":4,"minecraft:coarse_dirt":64,"minerally:gold_rock":6,"graveyard:vase_block":1,"minecraft:spruce_log":252,"minerally:iron_rock":3,"minerally:deepslate_coal_pile":2,"minecraft:gravel":210,"minecraft:dripstone_block":3,"minecraft:cobweb":181,"minecraft:stone_bricks":1,"minerally:quartz_rock":1,"minecraft:chipped_anvil":1,"minecraft:gold_ore":2,"minecraft:iron_trapdoor":1,"minecraft:fern":10,"minerally:diamond_crystal":1,"minerally:deepslate_gold_pile_0":7,"minerally:deepslate_emerald_crystal_0":3,"minerally:deepslate_gold_pile_1":7,"minecraft:spruce_planks":14,"minerally:deepslate_emerald_crystal_1":3,"minerally:copper_rock":2,"minecraft:spruce_trapdoor":2,"minecraft:cave_vines_plant":2,"minecraft:grass_block":6,"graveyard:dark_iron_door":2,"minecraft:soul_soil":4,"graveyard:skull_on_pike":1,"minecraft:frosted_ice":1,"minecraft:composter":1,"minerally:deepslate_copper_pile_0":2,"minecraft:iron_ore":63,"minerally:coal_rock":8,"graveyard:leaning_wither_skeleton":1,"minecraft:anvil":3,"minerally:iron_pile_1":1,"minecraft:pointed_dripstone":22,"minerally:deepslate_coal_pile_0":2,"minecraft:iron_bars":8,"minerally:diamond_rock":6,"minecraft:azalea_leaves":1,"minecraft:azalea":4,"minecraft:green_bed":1,"minerally:deepslate_redstone_pile_0":1,"minecraft:deepslate_redstone_ore":17,"minerally:deepslate_redstone_pile":1,"minecraft:blackstone":119,"minecraft:polished_deepslate_stairs":1,"minerally:iron_pile":2,"minecraft:yellow_banner":1,"minecraft:clay":27,"minecraft:calcite":302,"minecraft:poppy":2,"minerally:deepslate_coal_pile_1":2,"minecraft:chest":1,"minerally:deepslate_emerald_crystal":3,"minecraft:nether_quartz_ore":314,"minecraft:cobblestone":60,"minerally:iron_pile_0":2,"minecraft:grindstone":1,"minecraft:oak_planks":262,"minecraft:iron_door":4,"minecraft:wall_torch":59,"minecraft:cauldron":2,"minecraft:deepslate_copper_ore":9,"minecraft:powered_rail":14,"minecraft:lava_cauldron":1,"graveyard:skull_pile":2,"minecraft:tnt":3,"minecraft:cracked_deepslate_tiles":3,"graveyard:creeper_skeleton":5,"minecraft:oak_log":76,"minecraft:dirt":16,"minerally:deepslate_copper_pile_1":2,"minecraft:wither_skeleton_skull":2,"minecraft:tripwire_hook":1,"minecraft:ancient_debris":12,"minecraft:netherrack":11725,"minecraft:nether_gold_ore":100,"minecraft:crying_obsidian":7,"minecraft:tuff":68,"minecraft:yellow_wall_banner":1,"minecraft:deepslate_diamond_ore":104,"minecraft:lever":2,"minecraft:spruce_leaves":24,"minecraft:large_fern":10,"minerally:deepslate_lapis_pile":6,"minerally:deepslate_diamond_crystal":8,"minecraft:spruce_sapling":1,"minecraft:furnace":9,"minecraft:carrots":2,"minerally:redstone_pile_1":1,"minecraft:peony":1,"minecraft:gold_block":1,"minerally:deepslate_iron_pile_0":1,"soulsweapons:moonstone_ore_deepslate":21,"minecraft:bookshelf":30,"minecraft:deepslate_iron_ore":95,"minerally:copper_pile_0":1,"minecraft:stone":1319,"minecraft:podzol":3,"minecraft:flowering_azalea":1,"minerally:gold_pile_1":1,"minecraft:basalt":4,"minerally:deepslate_redstone_pile_1":1,"minecraft:oak_fence":29,"minecraft:crafting_table":14,"ribbits:swamp_lantern":13,"minecraft:lectern":13,"minecraft:stone_slab":1,"minecraft:deepslate_coal_ore":2,"minecraft:lapis_ore":8,"minerally:lapis_rock":3,"minecraft:blue_bed":1,"graveyard:skull_with_rib_cage":1,"minecraft:redstone_torch":1,"minecraft:ice":7,"minerally:emerald_rock":2,"minecraft:yellow_bed":1,"graveyard:dark_iron_bars":2,"minecraft:mangrove_slab":5,"minecraft:coal_ore":68,"minerally:lapis_pile_0":3,"minecraft:cracked_stone_bricks":1,"minerally:diamond_crystal_1":1,"minerally:deepslate_lapis_pile_1":5},"minecraft:crafted":{"connectedglass:clear_glass":4,"minecraft:blaze_powder":2,"minecraft:lever":2,"minecraft:bookshelf":12,"connectedglass:borderless_glass":4,"minecraft:cooked_mutton":40,"spawnermod:spawner_key":1,"minecraft:iron_bars":16,"minecraft:glass":38,"minecraft:diamond_helmet":6,"minecraft:diamond_leggings":4,"plushies:ravager_plushie":1,"minecraft:mangrove_stairs":64,"minecraft:polished_blackstone":12,"minecraft:iron_door":3,"minecraft:birch_door":3,"magicmirror:magic_mirror":1,"minecraft:emerald":95,"minecraft:cooked_porkchop":29,"minecraft:copper_ingot":81,"minecraft:fletching_table":1,"minecraft:campfire":2,"scout:pouch":4,"minecraft:stone_slab":6,"minecraft:iron_pickaxe":2,"minecraft:iron_block":14,"minecraft:gold_ingot":121,"simplyswords:diamond_sai":1,"minecraft:elytra":1,"minecraft:composter":1,"scout:satchel_strap":4,"minecraft:golden_carrot":128,"hangglider:glider_framework":3,"minecraft:stone_shovel":1,"minecraft:iron_nugget":27,"minecraft:polished_blackstone_pressure_plate":4,"minecraft:bone_meal":405,"hangglider:glider_wing":6,"scout:upgraded_pouch":1,"minecraft:spruce_slab":60,"minecraft:stone_pickaxe":2,"minecraft:diamond_boots":5,"minecraft:spruce_boat":2,"minecraft:redstone_block":8,"magistuarmory:steel_ring":24,"minecraft:enchanting_table":1,"magistuarmory:greathelm":1,"magistuarmory:rustedchainmail_leggings":1,"minecraft:enchanted_book":8,"minecraft:iron_shovel":1,"minecraft:iron_leggings":2,"minecraft:white_bed":2,"scout:upgraded_satchel":2,"minecraft:note_block":3,"minecraft:mangrove_slab":90,"adventurez:cooked_venison":5,"minecraft:grindstone":1,"minecraft:oak_planks":216,"scout:satchel":2,"hangglider:hang_glider":3,"fleshz:rotten_leather":74,"minecraft:cooked_chicken":7,"minecraft:stone":11,"minecraft:polished_blackstone_button":4,"fleshz:wood_rack":26,"minecraft:bow":1,"minecraft:iron_boots":1,"minecraft:chest":11,"minecraft:rail":256,"morebows:iron_bow":1,"minecraft:ender_eye":2,"minecraft:oak_fence":24,"magistuarmory:steel_nugget":18,"minecraft:oak_slab":30,"fleshz:prepared_hide":129,"minecraft:arrow":4,"minecraft:cauldron":3,"minecraft:crafting_table":5,"minecraft:spruce_planks":664,"minecraft:iron_helmet":1,"minecraft:wooden_pickaxe":1,"magistuarmory:steel_chain":1,"minecraft:spruce_trapdoor":2,"minecraft:book":48,"minecraft:iron_chestplate":2,"minecraft:paper":120,"minecraft:diamond_pickaxe":3,"minecraft:shield":1,"minecraft:stick":1768,"minecraft:iron_ingot":272,"minecraft:stone_sword":1,"magistuarmory:steel_chainmail":1,"simplyswords:diamond_halberd":1,"minecraft:redstone_torch":16,"morebows:diamond_bow":1,"bosses_of_mass_destruction:charged_ender_pearl":1,"minecraft:shears":1,"magistuarmory:leather_strip":6,"soulsweapons:guts_sword":1,"simplyswords:diamond_greathammer":1,"minecraft:stone_button":5,"minecraft:furnace":4,"minecraft:piston":1,"magistuarmory:diamond_chainmorgenstern":1,"minecraft:flint_and_steel":1,"immersive_melodies:piano":1,"magistuarmory:hilt":1,"minecraft:iron_axe":2,"magistuarmory:steel_ingot":35,"minecraft:iron_hoe":2,"magistuarmory:diamond_buckler":2,"minecraft:minecart":4,"minecraft:cooked_beef":45,"minecraft:sugar":393,"minecraft:iron_trapdoor":1,"minecraft:powered_rail":102,"minecraft:mangrove_planks":132,"minecraft:bucket":5,"minecraft:stone_axe":1,"ribbits:maraca":2,"minecraft:air":0,"minecraft:bread":16,"torchesntrinkets:torch_belt":2,"minecraft:gold_nugget":974,"morebows:ender_bow":1,"minecraft:anvil":1,"soulsweapons:sting":1,"minecraft:torch":16,"minecraft:diamond_chestplate":5},"minecraft:used":{"minecraft:moss_block":4,"graveyard:creeper_skeleton":3,"bosses_of_mass_destruction:crystal_fruit":2,"minecraft:elytra":2,"minecraft:chest":22,"minecraft:rotten_flesh":33,"minecraft:soul_sand":1,"minecraft:snowball":1,"minecraft:spruce_boat":10,"minecraft:polished_blackstone_slab":2,"minecraft:lava_bucket":11,"minecraft:villager_spawn_egg":6,"minecraft:mangrove_stairs":242,"minecraft:grass_block":14,"minecraft:bow":10,"minecraft:sweet_berries":6,"minecraft:furnace":14,"minecraft:mangrove_slab":120,"minecraft:egg":1,"minecraft:cow_spawn_egg":5,"minecraft:powered_rail":151,"minecraft:blackstone":237,"minecraft:wooden_pickaxe":59,"minecraft:composter":1,"minecraft:clay":1,"morebows:ender_bow":36,"minecraft:smooth_quartz_stairs":4,"minecraft:golden_apple":100,"minecraft:glow_berries":31,"minecraft:blast_furnace":3,"magistuarmory:longbow":1,"graveyard:skull_pile":2,"minecraft:stone_button":2,"minecraft:lectern":11,"graveyard:ghoul_spawn_egg":3,"graveyard:dark_iron_door":2,"graveyard:wither_skeleton_hand":1,"minecraft:smithing_table":4,"minecraft:ice":2,"simplyswords:toxic_longsword":1,"soulsweapons:sting":1110,"minecraft:diorite_stairs":5,"minecraft:iron_bars":5,"minecraft:polished_blackstone_brick_slab":12,"minecraft:enchanting_table":2,"minecraft:stone_sword":49,"soulsweapons:darkmoon_longbow":8,"minecraft:netherrack":91,"minecraft:torch":150,"minecraft:anvil":3,"simplyswords:storms_edge":11,"minecraft:chipped_anvil":1,"minecraft:iron_axe":202,"minecraft:spruce_button":3,"minecraft:spawner":2,"soulsweapons:guts_sword":1132,"magistuarmory:diamond_chainmorgenstern":16,"minecraft:smooth_basalt":8,"minecraft:diamond_chestplate":2,"minecraft:iron_trapdoor":2,"minecraft:cobbled_deepslate":149,"minecraft:pointed_dripstone":2,"minecraft:calcite":633,"minecraft:wheat_seeds":58,"minecraft:yellow_banner":1,"minecraft:water_bucket":202,"minecraft:cauldron":6,"minecraft:fletching_table":1,"minecraft:sheep_spawn_egg":2,"minecraft:horse_spawn_egg":2,"minecraft:rail":373,"minecraft:crafting_table":19,"minecraft:red_bed":2,"minecraft:phantom_spawn_egg":9,"minecraft:white_bed":7,"minecraft:campfire":8,"minecraft:cod":10,"minecraft:diamond_pickaxe":14967,"minecraft:iron_pickaxe":738,"minecraft:spruce_trapdoor":2,"minecraft:spruce_sapling":28,"plushies:warden_plushie":2,"minecraft:potion":1,"minecraft:cobblestone":229,"minecraft:cooked_porkchop":23,"bosses_of_mass_destruction:charged_ender_pearl":17,"minecraft:jukebox":1,"minecraft:red_sand":127,"minecraft:iron_shovel":167,"minecraft:zombie_spawn_egg":6,"minecraft:spruce_leaves":32,"magistuarmory:diamond_chivalrylance":1,"simplyswords:diamond_sai":47,"minecraft:carrot":77,"minecraft:deepslate_tile_slab":3,"minecraft:tuff":1,"minecraft:music_disc_13":1,"minecraft:obsidian":33,"minecraft:glass":43,"graveyard:corrupted_vindicator_spawn_egg":1,"minecraft:iron_helmet":1,"minecraft:magma_block":1,"minecraft:polished_diorite_stairs":19,"minecraft:diamond_boots":1,"plushies:ravager_plushie":2,"adventurez:cooked_venison":5,"minecraft:stone_pickaxe":178,"minecraft:mangrove_planks":66,"minecraft:oak_planks":303,"minecraft:ender_pearl":3,"minecraft:redstone_block":9,"simplyswords:diamond_halberd":65,"minecraft:diamond_axe":352,"minecraft:sugar_cane":98,"minecraft:yellow_terracotta":8,"minecraft:note_block":1,"minecraft:shears":1,"minecraft:redstone_torch":19,"eldritch_end:primordial_boat":1,"minecraft:lever":3,"minecraft:firework_rocket":55,"minecraft:cyan_bed":1,"minecraft:bread":83,"minecraft:iron_door":7,"minecraft:gravel":42,"minecraft:grindstone":1,"minecraft:chain":2,"minecraft:coarse_dirt":63,"minecraft:bone_meal":410,"minecraft:cobweb":122,"minecraft:cherry_boat":1,"minecraft:oak_fence":19,"graveyard:skull_on_pike":1,"minecraft:flint_and_steel":30,"minecraft:stone_shovel":24,"morebows:diamond_bow":1862,"minecraft:spruce_planks":39,"minecraft:cooked_chicken":5,"graveyard:wraith_spawn_egg":1,"minecraft:dirt":43,"minecraft:birch_door":1,"minecraft:iron_hoe":112,"minecraft:bookshelf":12,"simplyswords:diamond_greathammer":16,"connectedglass:borderless_glass":2,"minecraft:golden_carrot":38,"minecraft:minecart":13,"minecraft:cooked_beef":55,"minecraft:pumpkin":1,"minecraft:iron_leggings":1,"minecraft:cooked_mutton":12,"graveyard:bone_remains":1,"minecraft:baked_potato":17,"connectedglass:clear_glass":32,"minecraft:polished_blackstone_pressure_plate":4,"bosses_of_mass_destruction:soul_star":23,"minecraft:smoker":2,"minecraft:piston":1,"morebows:gold_bow":4,"minecraft:stone_axe":24,"morebows:flame_bow":3,"fleshz:wood_rack":30,"minecraft:white_banner":1,"minecraft:red_banner":1,"minecraft:bucket":218,"minecraft:yellow_bed":1,"minecraft:polished_blackstone_button":9,"soulsweapons:chungus_disc":1}},"DataVersion":3465}