{"stats":{"minecraft:dropped":{"magicmirror:magic_mirror":1,"fleshz:rotten_leather":22},"minecraft:killed_by":{"minecraft:zombie":1},"minecraft:killed":{"minecraft:skeleton":1,"minecraft:spider":1,"graveyard:wraith":1},"minecraft:custom":{"minecraft:time_since_rest":15852,"minecraft:sprint_one_cm":60543,"minecraft:damage_absorbed":1672,"minecraft:damage_taken":2716,"minecraft:walk_one_cm":237289,"minecraft:damage_blocked_by_shield":175,"minecraft:mob_kills":3,"minecraft:drop":2,"minecraft:damage_dealt":1930,"minecraft:swim_one_cm":1641,"minecraft:interact_with_crafting_table":13,"minecraft:fly_one_cm":76011,"minecraft:open_chest":21,"minecraft:play_time":149852,"minecraft:crouch_one_cm":3792,"minecraft:deaths":8,"minecraft:sneak_time":925,"minecraft:walk_under_water_one_cm":2149,"minecraft:jump":496,"minecraft:leave_game":24,"minecraft:time_since_death":15548,"minecraft:walk_on_water_one_cm":5963,"minecraft:sleep_in_bed":2,"minecraft:total_world_time":149852,"minecraft:fall_one_cm":6319},"minecraft:picked_up":{"minecraft:raw_iron":5,"minecraft:cooked_porkchop":5,"scout:upgraded_satchel":1,"minecraft:polished_deepslate_stairs":3,"minecraft:dripstone_block":3,"minecraft:gravel":4,"magicmirror:magic_mirror":1,"minecraft:flint":1,"graveyard:spruce_coffin":1,"minecraft:amethyst_shard":2,"minecraft:oak_log":10,"minecraft:spider_spawn_egg":1,"minecraft:string":7,"magistuarmory:diamond_buckler":1,"minecraft:tnt":1,"minecraft:bone":20,"minecraft:arrow":3,"minecraft:diamond_chestplate":1,"minecraft:rotten_flesh":49,"minecraft:spruce_boat":1,"minecraft:diamond_leggings":1,"minecraft:candle":2,"minecraft:cobbled_deepslate":17,"minecraft:bone_meal":1,"graveyard:ghoul_spawn_egg":1,"minecraft:diamond_boots":1,"torchesntrinkets:torch_belt":1,"minecraft:calcite":2,"artifacts:kitty_slippers":1,"artifacts:cross_necklace":1,"minecraft:cobweb":7,"minecraft:golden_apple":6,"minecraft:diamond_helmet":1,"hangglider:hang_glider":1,"minecraft:oak_sapling":2,"minecraft:iron_bars":1,"scout:upgraded_pouch":2,"minecraft:cobblestone":2},"minecraft:mined":{"graveyard:vase_block":1,"graveyard:skull_with_rib_cage":1,"minecraft:grass":7,"graveyard:creeper_skeleton":1,"minecraft:calcite":3,"minecraft:oak_log":10,"minecraft:iron_bars":1,"minecraft:gravel":18,"minecraft:cobweb":4},"minecraft:used":{"minecraft:stone_pickaxe":4,"minecraft:oak_planks":10,"graveyard:ghoul_spawn_egg":1,"simplyswords:diamond_halberd":66,"minecraft:gravel":2,"minecraft:stone_axe":1,"soulsweapons:bluemoon_greatsword":2,"minecraft:golden_apple":8,"minecraft:tnt":3,"minecraft:cooked_porkchop":5,"minecraft:cobbled_deepslate":3,"soulsweapons:featherlight":15},"minecraft:crafted":{"minecraft:oak_planks":40,"minecraft:stick":60,"fleshz:rotten_leather":22,"minecraft:stone_pickaxe":2,"minecraft:stone_axe":2}},"DataVersion":3465}