{"stats":{"minecraft:used":{"minecraft:oak_planks":10,"minecraft:gravel":2,"minecraft:golden_apple":1,"minecraft:cooked_porkchop":3,"soulsweapons:featherlight":1},"minecraft:picked_up":{"minecraft:cooked_porkchop":5,"scout:upgraded_satchel":1,"minecraft:gravel":4,"minecraft:oak_log":10,"minecraft:bone":9,"minecraft:rotten_flesh":45,"minecraft:diamond_chestplate":1,"minecraft:spruce_boat":1,"minecraft:diamond_leggings":1,"minecraft:diamond_boots":1,"artifacts:cross_necklace":1,"minecraft:golden_apple":1,"minecraft:diamond_helmet":1,"hangglider:hang_glider":1,"minecraft:oak_sapling":2,"scout:upgraded_pouch":2},"minecraft:custom":{"minecraft:time_since_rest":12459,"minecraft:sprint_one_cm":33786,"minecraft:damage_absorbed":1076,"minecraft:damage_taken":1756,"minecraft:walk_one_cm":127246,"minecraft:drop":1,"minecraft:damage_dealt":184,"minecraft:swim_one_cm":1641,"minecraft:interact_with_crafting_table":13,"minecraft:fly_one_cm":38538,"minecraft:open_chest":12,"minecraft:crouch_one_cm":1178,"minecraft:play_time":93209,"minecraft:deaths":6,"minecraft:sneak_time":438,"minecraft:walk_under_water_one_cm":2149,"minecraft:jump":277,"minecraft:leave_game":18,"minecraft:time_since_death":44910,"minecraft:walk_on_water_one_cm":4536,"minecraft:sleep_in_bed":1,"minecraft:total_world_time":93209,"minecraft:fall_one_cm":3296},"minecraft:killed_by":{"minecraft:zombie":1},"minecraft:crafted":{"minecraft:oak_planks":40,"minecraft:stick":60,"fleshz:rotten_leather":22,"minecraft:stone_pickaxe":2,"minecraft:stone_axe":2},"minecraft:mined":{"minecraft:grass":7,"minecraft:oak_log":10,"minecraft:gravel":17},"minecraft:dropped":{"fleshz:rotten_leather":22}},"DataVersion":3465}