{"stats":{"minecraft:dropped":{"magicmirror:magic_mirror":1,"fleshz:rotten_leather":22},"minecraft:killed_by":{"minecraft:zombie":1},"minecraft:killed":{"minecraft:spider":1,"graveyard:wraith":1,"minecraft:skeleton":1},"minecraft:custom":{"minecraft:interact_with_furnace":5,"minecraft:mob_kills":3,"minecraft:interact_with_crafting_table":13,"minecraft:leave_game":24,"minecraft:time_since_death":15251,"minecraft:sleep_in_bed":4,"minecraft:time_since_rest":15803,"minecraft:sprint_one_cm":79189,"minecraft:walk_one_cm":280329,"minecraft:damage_taken":3456,"minecraft:damage_absorbed":3660,"minecraft:damage_blocked_by_shield":175,"minecraft:drop":2,"minecraft:damage_dealt":1930,"minecraft:swim_one_cm":1651,"minecraft:fly_one_cm":87559,"minecraft:open_chest":26,"minecraft:crouch_one_cm":5320,"minecraft:play_time":173852,"minecraft:deaths":10,"minecraft:sneak_time":1906,"minecraft:walk_under_water_one_cm":14757,"minecraft:jump":664,"minecraft:walk_on_water_one_cm":12165,"minecraft:total_world_time":173852,"minecraft:fall_one_cm":16638},"minecraft:picked_up":{"minecraft:magma_block":2,"magicmirror:magic_mirror":1,"minecraft:flint":1,"graveyard:spruce_coffin":1,"minecraft:oak_log":10,"minecraft:spider_spawn_egg":1,"minecraft:string":7,"minecraft:bone":20,"minecraft:diamond_leggings":1,"minecraft:candle":2,"minecraft:cobbled_deepslate":18,"torchesntrinkets:torch_belt":1,"minecraft:cobweb":7,"artifacts:kitty_slippers":1,"minecraft:calcite":2,"minecraft:diamond_helmet":1,"hangglider:hang_glider":1,"scout:upgraded_pouch":2,"minecraft:raw_iron":5,"minecraft:cooked_porkchop":5,"scout:upgraded_satchel":1,"minecraft:polished_deepslate_stairs":3,"minecraft:dripstone_block":3,"minecraft:gravel":4,"minecraft:amethyst_shard":2,"minecraft:spruce_sapling":2,"minecraft:spruce_log":11,"minecraft:tnt":1,"magistuarmory:diamond_buckler":1,"minecraft:arrow":3,"minecraft:rotten_flesh":49,"minecraft:diamond_chestplate":1,"minecraft:spruce_boat":1,"minecraft:diamond_boots":1,"graveyard:ghoul_spawn_egg":1,"artifacts:cross_necklace":1,"minecraft:bone_meal":1,"minecraft:golden_apple":6,"minecraft:oak_sapling":2,"minecraft:iron_bars":1,"minecraft:cod":3,"minecraft:cobblestone":6},"minecraft:mined":{"minecraft:calcite":3,"graveyard:vase_block":1,"graveyard:skull_with_rib_cage":1,"minecraft:spruce_log":11,"minecraft:grass":7,"graveyard:creeper_skeleton":1,"minecraft:oak_log":10,"minecraft:iron_bars":1,"minecraft:gravel":21,"minecraft:cobweb":4},"minecraft:used":{"minecraft:stone_pickaxe":4,"minecraft:oak_planks":10,"minecraft:spruce_planks":21,"simplyswords:diamond_halberd":66,"minecraft:golden_apple":8,"soulsweapons:bluemoon_greatsword":2,"minecraft:tnt":3,"soulsweapons:featherlight":15,"graveyard:ghoul_spawn_egg":1,"minecraft:gravel":2,"minecraft:stone_axe":1,"minecraft:cooked_porkchop":8,"minecraft:cobbled_deepslate":3},"minecraft:crafted":{"minecraft:oak_planks":40,"minecraft:cooked_porkchop":3,"minecraft:spruce_planks":44,"fleshz:rotten_leather":22,"minecraft:stone_axe":2,"minecraft:stick":60,"minecraft:stone_pickaxe":2}},"DataVersion":3465}