{"stats":{"minecraft:used":{"minecraft:golden_apple":1,"minecraft:cooked_porkchop":1,"minecraft:oak_planks":10,"soulsweapons:featherlight":1},"minecraft:picked_up":{"minecraft:bone":9,"minecraft:cooked_porkchop":5,"minecraft:rotten_flesh":45,"minecraft:gravel":4,"minecraft:golden_apple":1,"minecraft:oak_log":10,"minecraft:oak_sapling":2},"minecraft:custom":{"minecraft:time_since_rest":26105,"minecraft:open_chest":6,"minecraft:walk_one_cm":77076,"minecraft:crouch_one_cm":20,"minecraft:damage_taken":1617,"minecraft:play_time":72937,"minecraft:sprint_one_cm":30047,"minecraft:damage_absorbed":1076,"minecraft:deaths":6,"minecraft:sneak_time":18,"minecraft:walk_under_water_one_cm":2149,"minecraft:drop":1,"minecraft:jump":151,"minecraft:damage_dealt":184,"minecraft:leave_game":17,"minecraft:walk_on_water_one_cm":4536,"minecraft:time_since_death":24638,"minecraft:total_world_time":72937,"minecraft:swim_one_cm":1641,"minecraft:interact_with_crafting_table":12,"minecraft:fall_one_cm":1583,"minecraft:fly_one_cm":15958},"minecraft:killed_by":{"minecraft:zombie":1},"minecraft:crafted":{"minecraft:oak_planks":40,"fleshz:rotten_leather":22},"minecraft:mined":{"minecraft:grass":7,"minecraft:oak_log":10,"minecraft:gravel":17},"minecraft:dropped":{"fleshz:rotten_leather":22}},"DataVersion":3465}