{"stats":{"minecraft:used":{"minecraft:oak_planks":7},"minecraft:picked_up":{"minecraft:gravel":4,"minecraft:oak_log":10,"minecraft:oak_sapling":2},"minecraft:custom":{"minecraft:time_since_rest":2166,"minecraft:damage_taken":1323,"minecraft:crouch_one_cm":20,"minecraft:damage_absorbed":1076,"minecraft:play_time":48998,"minecraft:sprint_one_cm":16064,"minecraft:deaths":6,"minecraft:walk_one_cm":32528,"minecraft:sneak_time":18,"minecraft:walk_under_water_one_cm":1781,"minecraft:jump":93,"minecraft:damage_dealt":145,"minecraft:leave_game":16,"minecraft:walk_on_water_one_cm":693,"minecraft:time_since_death":699,"minecraft:total_world_time":48998,"minecraft:swim_one_cm":1641,"minecraft:fall_one_cm":747,"minecraft:fly_one_cm":8632},"minecraft:killed_by":{"minecraft:zombie":1},"minecraft:crafted":{"minecraft:oak_planks":40},"minecraft:mined":{"minecraft:grass":7,"minecraft:oak_log":10,"minecraft:gravel":17}},"DataVersion":3465}