{"stats":{"minecraft:used":{"minecraft:oak_planks":10,"graveyard:ghoul_spawn_egg":1,"simplyswords:diamond_halberd":13,"minecraft:gravel":2,"minecraft:golden_apple":4,"minecraft:tnt":1,"minecraft:cooked_porkchop":5,"soulsweapons:featherlight":15},"minecraft:killed":{"minecraft:skeleton":1,"minecraft:spider":1},"minecraft:picked_up":{"minecraft:cooked_porkchop":5,"scout:upgraded_satchel":1,"minecraft:gravel":4,"minecraft:oak_log":10,"minecraft:spider_spawn_egg":1,"minecraft:string":2,"minecraft:tnt":1,"minecraft:arrow":1,"magistuarmory:diamond_buckler":1,"minecraft:bone":11,"minecraft:rotten_flesh":47,"minecraft:diamond_chestplate":1,"minecraft:spruce_boat":1,"minecraft:diamond_leggings":1,"graveyard:ghoul_spawn_egg":1,"minecraft:diamond_boots":1,"torchesntrinkets:torch_belt":1,"artifacts:kitty_slippers":1,"artifacts:cross_necklace":1,"minecraft:golden_apple":3,"minecraft:diamond_helmet":1,"hangglider:hang_glider":1,"minecraft:oak_sapling":2,"scout:upgraded_pouch":2},"minecraft:custom":{"minecraft:time_since_rest":24459,"minecraft:sprint_one_cm":49489,"minecraft:damage_absorbed":1092,"minecraft:damage_taken":2146,"minecraft:walk_one_cm":155143,"minecraft:damage_blocked_by_shield":145,"minecraft:mob_kills":2,"minecraft:drop":1,"minecraft:damage_dealt":910,"minecraft:swim_one_cm":1641,"minecraft:interact_with_crafting_table":13,"minecraft:fly_one_cm":67990,"minecraft:open_chest":12,"minecraft:crouch_one_cm":2069,"minecraft:play_time":105209,"minecraft:deaths":6,"minecraft:sneak_time":548,"minecraft:walk_under_water_one_cm":2149,"minecraft:jump":370,"minecraft:leave_game":18,"minecraft:time_since_death":56910,"minecraft:walk_on_water_one_cm":5963,"minecraft:sleep_in_bed":1,"minecraft:total_world_time":105209,"minecraft:fall_one_cm":4550},"minecraft:killed_by":{"minecraft:zombie":1},"minecraft:crafted":{"minecraft:oak_planks":40,"minecraft:stick":60,"fleshz:rotten_leather":22,"minecraft:stone_pickaxe":2,"minecraft:stone_axe":2},"minecraft:mined":{"minecraft:grass":7,"minecraft:oak_log":10,"minecraft:gravel":17},"minecraft:dropped":{"fleshz:rotten_leather":22}},"DataVersion":3465}