{"stats":{"minecraft:broken":{"minecraft:iron_boots":1,"minecraft:iron_chestplate":2,"minecraft:iron_leggings":1,"minecraft:stone_pickaxe":1,"minecraft:shield":2,"minecraft:iron_helmet":2},"minecraft:dropped":{"soulsweapons:bluemoon_shortsword":1,"minecraft:candle":2,"minecraft:brown_mushroom":1,"minecraft:birch_planks":21,"minecraft:cooked_beef":2,"minecraft:loom":1,"minecraft:spore_blossom":1,"minecraft:cooked_porkchop":4,"magistuarmory:rustednorman_helmet":1,"graveyard:corruption":21,"minecraft:cod":3,"minecraft:dirt":1,"minecraft:bone_meal":6,"minecraft:phantom_membrane":7,"minecraft:white_wool":3,"minecraft:bone":20,"minecraft:gravel":12,"minecraft:sugar_cane":8,"fleshz:hide":6,"minecraft:rotten_flesh":7,"minecraft:oak_planks":2,"minecraft:azalea":4,"minecraft:iron_bars":1,"minecraft:enchanted_book":2,"minecraft:water_bucket":1,"minecraft:iron_ingot":14,"morebows:diamond_bow":2,"minecraft:wheat_seeds":17,"minecraft:mossy_cobblestone":1,"minecraft:feather":8,"minecraft:yellow_terracotta":18,"minecraft:cobblestone":110,"minecraft:copper_ingot":17,"minecraft:tropical_fish":14,"minecraft:stick":20,"minecraft:cobweb":16,"minecraft:gray_wool":1,"minecraft:ink_sac":3,"minecraft:flowering_azalea":3,"minecraft:string":3,"minecraft:tripwire_hook":1,"minecraft:spruce_sapling":36,"minecraft:smooth_basalt":20,"simplyswords:toxic_longsword":1,"minecraft:moss_carpet":14,"minecraft:stone_sword":1,"soulsweapons:sting":1,"minecraft:clay_ball":4,"minecraft:polished_deepslate_stairs":1,"minecraft:diamond_pickaxe":1,"minecraft:andesite":5,"artifacts:pocket_piston":1,"minecraft:red_sand":3,"minecraft:stone_pickaxe":1,"minecraft:calcite":5,"minecraft:magma_block":1},"minecraft:killed_by":{"minecraft:drowned":1,"minecraft:zombie":7,"minecraft:player":1,"minecraft:spider":2},"minecraft:custom":{"minecraft:interact_with_crafting_table":112,"minecraft:open_barrel":57,"minecraft:eat_cake_slice":3,"minecraft:leave_game":9,"minecraft:time_since_death":31024,"minecraft:sprint_one_cm":958442,"minecraft:damage_blocked_by_shield":4670,"minecraft:drop":77,"minecraft:talked_to_villager":1,"minecraft:play_time":593714,"minecraft:deaths":30,"minecraft:jump":4389,"minecraft:walk_on_water_one_cm":129387,"minecraft:enchant_item":19,"minecraft:interact_with_furnace":107,"minecraft:interact_with_cartography_table":1,"minecraft:interact_with_loom":1,"minecraft:sleep_in_bed":23,"minecraft:damage_dealt":18969,"minecraft:crouch_one_cm":4734,"minecraft:interact_with_smoker":14,"minecraft:interact_with_smithing_table":6,"minecraft:interact_with_anvil":28,"minecraft:mob_kills":161,"minecraft:interact_with_campfire":11,"minecraft:damage_dealt_resisted":90,"minecraft:climb_one_cm":11633,"minecraft:walk_one_cm":1521156,"minecraft:sneak_time":9899,"minecraft:walk_under_water_one_cm":100151,"minecraft:boat_one_cm":511139,"minecraft:interact_with_blast_furnace":32,"minecraft:total_world_time":593714,"minecraft:interact_with_grindstone":1,"minecraft:time_since_rest":31393,"minecraft:damage_taken":14886,"minecraft:damage_absorbed":4549,"minecraft:swim_one_cm":59841,"minecraft:fly_one_cm":1117700,"minecraft:open_chest":337,"minecraft:fall_one_cm":80512},"minecraft:killed":{"graveyard:skeleton_creeper":1,"minecraft:spider":2,"graveyard:wraith":12,"minecraft:skeleton":19,"minecraft:chicken":11,"artifacts:mimic":3,"minecraft:pig":13,"minecraft:zombie_villager":1,"minecraft:salmon":2,"minecraft:creeper":6,"minecraft:sheep":7,"minecraft:zombie":41,"minecraft:glow_squid":1,"graveyard:corrupted_pillager":2,"minecraft:cow":12,"graveyard:corrupted_vindicator":1,"minecraft:phantom":2,"graveyard:ghoul":1,"minecraft:bat":1,"minecraft:squid":3,"minecraft:enderman":1},"minecraft:picked_up":{"minecraft:iron_chestplate":1,"minecraft:smithing_table":1,"soulsweapons:moonstone":12,"minecraft:enchanted_book":3,"artifacts:mimic_spawn_egg":1,"minecraft:string":72,"minecraft:raw_copper":22,"minecraft:iron_leggings":1,"minecraft:armor_stand":1,"minecraft:deepslate_tiles":3,"minecraft:red_sand":8,"minecraft:cobbled_deepslate":227,"bosses_of_mass_destruction:soul_star":1,"minecraft:spruce_planks":3,"minecraft:calcite":83,"minecraft:azalea":8,"minecraft:furnace":2,"minecraft:stick":25,"minecraft:big_dripleaf":5,"minecraft:oak_fence":10,"minecraft:polished_deepslate_stairs":1,"minecraft:porkchop":14,"minecraft:pointed_dripstone":2,"minecraft:zombie_spawn_egg":2,"minecraft:phantom_spawn_egg":1,"minecraft:rotten_flesh":73,"minecraft:obsidian":10,"minecraft:iron_bars":1,"morebows:diamond_bow":2,"minecraft:cobblestone":349,"minecraft:birch_log":10,"minecraft:magma_block":1,"minecraft:leather_chestplate":1,"minecraft:cooked_beef":5,"minecraft:feather":11,"minecraft:lilac":1,"minecraft:water_bucket":1,"minecraft:andesite":6,"minecraft:flint":2,"minecraft:tuff":27,"artifacts:flame_pendant":2,"minecraft:lapis_lazuli":250,"minecraft:dirt":17,"minecraft:leather_boots":1,"minecraft:bone":28,"minecraft:bow":1,"minecraft:wheat_seeds":20,"minecraft:raw_gold":22,"minecraft:cobbled_deepslate_slab":2,"minecraft:moss_block":12,"minecraft:oak_planks":5,"minecraft:sheep_spawn_egg":1,"minecraft:cooked_porkchop":19,"simplyswords:toxic_longsword":1,"minecraft:ink_sac":3,"minecraft:grass_block":1,"minecraft:loom":1,"minecraft:cyan_bed":1,"minecraft:mossy_cobblestone":1,"scout:tanned_leather":13,"minecraft:diamond":46,"minecraft:spruce_boat":6,"artifacts:crystal_heart":1,"soulsweapons:verglas":1,"minecraft:crafting_table":1,"minecraft:diamond_pickaxe":3,"minecraft:coarse_dirt":3,"minecraft:chicken":12,"minecraft:ladder":1,"minecraft:clay_ball":12,"minecraft:leather_leggings":1,"minecraft:brown_mushroom":1,"minecraft:spider_spawn_egg":1,"minecraft:shield":1,"minecraft:moss_carpet":16,"soulsweapons:sting":1,"graveyard:soul_fire_brazier":1,"minecraft:blackstone":35,"graveyard:corruption":15,"minecraft:beef":19,"fleshz:hide":11,"minecraft:player_head":3,"minecraft:sugar_cane":42,"minecraft:phantom_membrane":7,"minecraft:egg":3,"minecraft:raw_iron":148,"minecraft:squid_spawn_egg":1,"minecraft:copper_ingot":2,"minecraft:carrot":1,"minecraft:redstone":62,"minecraft:arrow":28,"ribbits:swamp_lantern":1,"minecraft:diamond_boots":1,"minecraft:hay_block":9,"minecraft:cracked_deepslate_bricks":1,"artifacts:cross_necklace":1,"minecraft:yellow_terracotta":18,"artifacts:pocket_piston":1,"minecraft:glow_berries":1,"minecraft:mutton":8,"graveyard:wraith_spawn_egg":1,"minecraft:skeleton_skull":1,"minecraft:white_wool":5,"minecraft:cracked_deepslate_tiles":2,"minecraft:glow_ink_sac":2,"minecraft:tripwire_hook":4,"minecraft:leather":34,"minecraft:oak_log":6,"minecraft:yellow_bed":1,"minecraft:gunpowder":3,"minecraft:blue_bed":1,"minecraft:white_banner":1,"minecraft:spawner":1,"minecraft:cooked_mutton":3,"minecraft:spore_blossom":2,"artifacts:whoopee_cushion":1,"artifacts:kitty_slippers":1,"minecraft:gray_bed":2,"minecraft:flowering_azalea":6,"minecraft:book":42,"soulsweapons:bluemoon_shortsword":1,"minecraft:smooth_basalt":34,"minecraft:pumpkin":9,"minecraft:sweet_berries":2,"minecraft:gravel":19,"magistuarmory:rustednorman_helmet":1,"minecraft:red_banner":1,"minecraft:spruce_sapling":36,"minecraft:blast_furnace":1,"minecraft:white_bed":4,"minecraft:spruce_log":118,"magistuarmory:rustedchainmail_leggings":1,"artifacts:scarf_of_invisibility":1,"fleshz:prepared_hide":1,"minecraft:purple_bed":2,"magistuarmory:diamond_concavehalberd":1,"minecraft:gray_wool":1,"minecraft:coal":123,"minecraft:ender_pearl":3},"minecraft:mined":{"minerally:deepslate_gold_pile_0":1,"minerally:deepslate_gold_pile_1":1,"minecraft:white_bed":3,"minerally:deepslate_diamond_crystal_0":1,"minerally:copper_rock":3,"minecraft:obsidian":10,"minecraft:cave_vines_plant":11,"minecraft:red_sand":9,"minecraft:grass_block":4,"minecraft:deepslate_bricks":1,"minecraft:frosted_ice":4,"minecraft:magma_block":3,"minecraft:iron_ore":61,"minecraft:cobbled_deepslate":5,"minerally:coal_rock":1,"minecraft:pumpkin":9,"minecraft:moss_carpet":2,"minecraft:deepslate_lapis_ore":6,"minerally:iron_pile_1":1,"minecraft:cave_vines":12,"minerally:deepslate_coal_pile_0":2,"minecraft:iron_bars":2,"minecraft:deepslate_brick_stairs":1,"minerally:deepslate_diamond_crystal_1":1,"minecraft:azalea":6,"minecraft:white_banner":1,"minecraft:player_head":2,"minecraft:deepslate_redstone_ore":9,"minecraft:brown_mushroom":1,"minecraft:blackstone":43,"minecraft:clay":8,"minecraft:blast_furnace":1,"minecraft:calcite":97,"minerally:deepslate_coal_pile_1":2,"minecraft:cobblestone":21,"minerally:lapis_pile":1,"minecraft:cyan_bed":1,"minecraft:sugar_cane":32,"minecraft:oak_planks":3,"minecraft:wall_torch":1,"minecraft:birch_log":10,"minecraft:lilac":1,"minecraft:grass":45,"minecraft:cracked_deepslate_tiles":1,"graveyard:creeper_skeleton":1,"minecraft:loom":1,"minecraft:dirt":15,"minecraft:smooth_basalt":34,"minecraft:tripwire_hook":2,"minecraft:deepslate":263,"soulsweapons:verglas_ore":1,"minecraft:yellow_terracotta":18,"minecraft:deepslate_tiles":3,"minecraft:tuff":29,"minecraft:mossy_cobblestone":2,"minecraft:deepslate_diamond_ore":12,"minecraft:glow_lichen":4,"minecraft:ladder":1,"minecraft:cobbled_deepslate_slab":1,"graveyard:tg_deepslate":4,"minerally:lapis_pile_1":1,"minecraft:spruce_leaves":1,"minecraft:moss_block":29,"minecraft:large_fern":1,"minecraft:hay_block":9,"minecraft:spore_blossom":1,"graveyard:soul_fire_brazier":1,"minerally:redstone_pile_0":1,"minecraft:redstone_ore":3,"minerally:deepslate_diamond_crystal":1,"minecraft:furnace":2,"minerally:redstone_pile_1":1,"minecraft:andesite":62,"minecraft:big_dripleaf_stem":1,"soulsweapons:moonstone_ore_deepslate":7,"minecraft:bookshelf":15,"minecraft:deepslate_iron_ore":22,"minerally:deepslate_gold_pile":1,"minecraft:stone":477,"minecraft:smithing_table":1,"minecraft:flowering_azalea":6,"minecraft:crafting_table":1,"minecraft:cobbled_deepslate_wall":1,"minerally:redstone_pile":1,"ribbits:swamp_lantern":1,"minecraft:copper_ore":5,"minecraft:tall_grass":20,"minecraft:deepslate_coal_ore":4,"minecraft:deepslate_gold_ore":9,"minecraft:lapis_ore":13,"minecraft:cracked_deepslate_bricks":1,"minerally:lapis_rock":1,"minecraft:blue_bed":1,"minecraft:black_stained_glass":1,"minecraft:purple_bed":2,"minerally:gold_rock":1,"minecraft:coarse_dirt":6,"graveyard:vase_block":1,"minecraft:ice":1,"minecraft:gray_bed":2,"minecraft:spruce_log":57,"minerally:deepslate_coal_pile":2,"minecraft:yellow_bed":1,"minecraft:red_wall_banner":1,"minecraft:coal_ore":82,"minerally:lapis_pile_0":1,"minecraft:gravel":14,"minecraft:cobweb":6,"minecraft:gold_ore":2,"minecraft:fern":2},"minecraft:crafted":{"minecraft:black_dye":27,"scout:satchel":1,"fleshz:rotten_leather":32,"minecraft:cooked_chicken":9,"minecraft:stone":3,"minecraft:bookshelf":3,"minecraft:cooked_mutton":8,"minecraft:diamond_helmet":1,"minecraft:bow":1,"minecraft:diamond_leggings":1,"minecraft:iron_boots":2,"magistuarmory:diamond_concavehalberd":1,"magistuarmory:pole":1,"soulsweapons:bluemoon_greatsword":1,"minecraft:cooked_porkchop":11,"minecraft:crafting_table":3,"minecraft:spruce_planks":484,"minecraft:wooden_pickaxe":1,"minecraft:iron_helmet":2,"minecraft:copper_ingot":20,"magistuarmory:wood_roundshield":1,"minecraft:birch_planks":40,"scout:pouch":2,"minecraft:iron_chestplate":1,"minecraft:paper":6,"minecraft:diamond_pickaxe":1,"minecraft:shield":1,"minecraft:stick":36,"minecraft:iron_ingot":55,"minecraft:iron_pickaxe":2,"minecraft:iron_block":6,"minecraft:stone_sword":1,"minecraft:gold_ingot":37,"minecraft:black_bed":1,"morebows:diamond_bow":1,"scout:satchel_strap":2,"magistuarmory:leather_strip":6,"minecraft:wooden_sword":1,"soulsweapons:guts_sword":1,"minecraft:stone_button":6,"magistuarmory:diamond_heavywarhammer":1,"minecraft:furnace":1,"soulsweapons:featherlight":2,"magistuarmory:hilt":3,"scout:upgraded_pouch":2,"magistuarmory:steel_ingot":1,"minecraft:stone_pickaxe":2,"minecraft:diamond_boots":1,"minecraft:spruce_boat":2,"minecraft:wheat":81,"minecraft:cooked_beef":12,"magistuarmory:diamond_rondache":1,"soulsweapons:bluemoon_shortsword":1,"minecraft:iron_sword":1,"minecraft:bucket":4,"minecraft:stone_axe":1,"minecraft:bread":27,"minecraft:air":0,"torchesntrinkets:torch_belt":1,"minecraft:iron_leggings":1,"scout:upgraded_satchel":1,"minecraft:torch":60,"minecraft:diamond_chestplate":1},"minecraft:used":{"minecraft:moss_block":3,"minecraft:red_sand":4,"minecraft:ladder":1,"minecraft:shield":75,"minecraft:iron_sword":59,"minecraft:carrot":1,"artifacts:mimic_spawn_egg":1,"minecraft:obsidian":10,"minecraft:spruce_boat":8,"minecraft:lava_bucket":2,"minecraft:iron_helmet":1,"minecraft:furnace":2,"minecraft:gray_bed":1,"minecraft:egg":1,"minecraft:diamond_boots":3,"minecraft:stone_pickaxe":150,"minecraft:blackstone":35,"minecraft:wooden_pickaxe":18,"minecraft:sugar_cane":15,"minecraft:blue_bed":1,"minecraft:golden_apple":2,"soulsweapons:bluemoon_shortsword":162,"minecraft:blast_furnace":1,"minecraft:black_bed":1,"minecraft:bread":16,"magistuarmory:diamond_concavehalberd":176,"minecraft:coarse_dirt":3,"soulsweapons:sting":1,"minecraft:oak_fence":10,"minecraft:stone_sword":53,"minecraft:armor_stand":1,"morebows:diamond_bow":212,"minecraft:cooked_chicken":15,"minecraft:torch":33,"soulsweapons:featherlight":1,"minecraft:bookshelf":3,"soulsweapons:guts_sword":59,"minecraft:smooth_basalt":1,"minecraft:diamond_chestplate":1,"minecraft:beef":5,"minecraft:cooked_beef":15,"minecraft:cobbled_deepslate":37,"minecraft:calcite":78,"minecraft:cooked_mutton":41,"minecraft:water_bucket":26,"minecraft:crafting_table":3,"graveyard:soul_fire_brazier":1,"minecraft:diamond_pickaxe":1163,"minecraft:apple":1,"minecraft:iron_pickaxe":180,"minecraft:stone_axe":14,"minecraft:cobblestone":60,"minecraft:purple_bed":1,"minecraft:cooked_porkchop":26,"minecraft:bucket":27,"minecraft:yellow_bed":1}},"DataVersion":3465}