{"stats":{"minecraft:broken":{"minecraft:iron_boots":1,"minecraft:iron_chestplate":1,"minecraft:iron_leggings":1,"minecraft:stone_pickaxe":1,"minecraft:shield":2,"minecraft:iron_helmet":1},"minecraft:dropped":{"soulsweapons:bluemoon_shortsword":1,"minecraft:iron_ingot":14,"minecraft:birch_planks":21,"minecraft:brown_mushroom":1,"minecraft:mossy_cobblestone":1,"minecraft:spore_blossom":1,"minecraft:yellow_terracotta":18,"minecraft:feather":4,"minecraft:cobblestone":65,"magistuarmory:rustednorman_helmet":1,"minecraft:stick":20,"minecraft:dirt":1,"minecraft:gray_wool":1,"minecraft:white_wool":3,"simplyswords:toxic_longsword":1,"minecraft:spruce_sapling":36,"minecraft:smooth_basalt":20,"minecraft:bone":20,"minecraft:gravel":4,"minecraft:moss_carpet":5,"minecraft:sugar_cane":8,"minecraft:stone_sword":1,"minecraft:rotten_flesh":5,"soulsweapons:sting":1,"minecraft:oak_planks":2,"minecraft:diamond_pickaxe":1,"minecraft:andesite":5,"minecraft:azalea":1,"artifacts:pocket_piston":1,"minecraft:stone_pickaxe":1,"minecraft:red_sand":3,"minecraft:magma_block":1},"minecraft:killed":{"graveyard:wraith":3,"minecraft:skeleton":4,"minecraft:chicken":10,"artifacts:mimic":3,"minecraft:pig":10,"minecraft:zombie_villager":1,"minecraft:salmon":2,"minecraft:creeper":1,"minecraft:squid":3,"minecraft:sheep":5,"minecraft:zombie":11,"graveyard:corrupted_pillager":1,"minecraft:cow":12},"minecraft:killed_by":{"minecraft:player":1,"minecraft:spider":2,"minecraft:drowned":1,"minecraft:zombie":7},"minecraft:custom":{"minecraft:interact_with_smithing_table":5,"minecraft:mob_kills":69,"minecraft:interact_with_anvil":8,"minecraft:interact_with_crafting_table":85,"minecraft:open_barrel":45,"minecraft:interact_with_campfire":11,"minecraft:damage_dealt_resisted":90,"minecraft:eat_cake_slice":3,"minecraft:leave_game":7,"minecraft:time_since_death":4349,"minecraft:climb_one_cm":7655,"minecraft:sprint_one_cm":802619,"minecraft:walk_one_cm":1038128,"minecraft:damage_blocked_by_shield":4097,"minecraft:drop":39,"minecraft:talked_to_villager":1,"minecraft:play_time":402391,"minecraft:sneak_time":4072,"minecraft:deaths":28,"minecraft:walk_under_water_one_cm":76601,"minecraft:boat_one_cm":511139,"minecraft:jump":3535,"minecraft:interact_with_blast_furnace":25,"minecraft:enchant_item":4,"minecraft:walk_on_water_one_cm":103853,"minecraft:total_world_time":402391,"minecraft:interact_with_furnace":77,"minecraft:sleep_in_bed":19,"minecraft:time_since_rest":4492,"minecraft:damage_taken":10716,"minecraft:damage_absorbed":3769,"minecraft:damage_dealt":11411,"minecraft:swim_one_cm":59841,"minecraft:fly_one_cm":871342,"minecraft:open_chest":200,"minecraft:crouch_one_cm":3671,"minecraft:interact_with_smoker":11,"minecraft:fall_one_cm":59959},"minecraft:picked_up":{"minecraft:coarse_dirt":3,"minecraft:iron_chestplate":1,"minecraft:chicken":9,"minecraft:clay_ball":8,"minecraft:brown_mushroom":1,"minecraft:smithing_table":1,"soulsweapons:moonstone":4,"minecraft:enchanted_book":1,"minecraft:shield":1,"minecraft:string":65,"artifacts:mimic_spawn_egg":1,"minecraft:moss_carpet":7,"minecraft:raw_copper":22,"minecraft:iron_leggings":1,"soulsweapons:sting":1,"minecraft:blackstone":35,"graveyard:corruption":6,"minecraft:deepslate_tiles":2,"minecraft:red_sand":8,"minecraft:cobbled_deepslate":66,"minecraft:spruce_planks":3,"minecraft:beef":19,"fleshz:hide":11,"minecraft:calcite":78,"minecraft:azalea":4,"minecraft:sugar_cane":32,"minecraft:furnace":2,"minecraft:egg":3,"minecraft:raw_iron":16,"minecraft:stick":25,"minecraft:squid_spawn_egg":1,"minecraft:big_dripleaf":5,"minecraft:oak_fence":10,"minecraft:porkchop":14,"minecraft:redstone":45,"minecraft:zombie_spawn_egg":1,"minecraft:arrow":1,"minecraft:rotten_flesh":38,"ribbits:swamp_lantern":1,"minecraft:diamond_boots":1,"minecraft:iron_bars":1,"graveyard:wraith_spawn_egg":1,"minecraft:cracked_deepslate_bricks":1,"artifacts:cross_necklace":1,"minecraft:yellow_terracotta":18,"minecraft:cracked_deepslate_tiles":1,"artifacts:pocket_piston":1,"minecraft:obsidian":10,"minecraft:glow_berries":1,"minecraft:mutton":8,"minecraft:white_wool":3,"minecraft:cobblestone":265,"minecraft:birch_log":10,"minecraft:magma_block":1,"minecraft:lilac":1,"minecraft:feather":7,"minecraft:cooked_beef":5,"minecraft:andesite":6,"minecraft:leather":34,"minecraft:tuff":1,"minecraft:oak_log":6,"minecraft:gunpowder":2,"minecraft:yellow_bed":1,"artifacts:flame_pendant":2,"minecraft:lapis_lazuli":74,"minecraft:blue_bed":1,"minecraft:dirt":15,"minecraft:bone":4,"minecraft:wheat_seeds":3,"minecraft:cobbled_deepslate_slab":1,"minecraft:raw_gold":8,"artifacts:whoopee_cushion":1,"minecraft:spore_blossom":2,"artifacts:kitty_slippers":1,"minecraft:moss_block":9,"minecraft:gray_bed":2,"minecraft:oak_planks":5,"minecraft:flowering_azalea":3,"soulsweapons:bluemoon_shortsword":1,"minecraft:smooth_basalt":22,"minecraft:sheep_spawn_egg":1,"minecraft:cooked_porkchop":13,"simplyswords:toxic_longsword":1,"minecraft:pumpkin":9,"minecraft:ink_sac":3,"minecraft:grass_block":1,"minecraft:cyan_bed":1,"minecraft:gravel":12,"magistuarmory:rustednorman_helmet":1,"fleshz:prepared_hide":1,"minecraft:spruce_sapling":36,"minecraft:blast_furnace":1,"minecraft:white_bed":4,"minecraft:spruce_log":118,"magistuarmory:rustedchainmail_leggings":1,"artifacts:scarf_of_invisibility":1,"minecraft:mossy_cobblestone":1,"scout:tanned_leather":13,"minecraft:purple_bed":2,"magistuarmory:diamond_concavehalberd":1,"minecraft:diamond":15,"minecraft:spruce_boat":6,"artifacts:crystal_heart":1,"minecraft:gray_wool":1,"soulsweapons:verglas":1,"minecraft:coal":56,"minecraft:diamond_pickaxe":2},"minecraft:mined":{"minecraft:yellow_terracotta":18,"minerally:deepslate_gold_pile_0":1,"minerally:deepslate_gold_pile_1":1,"minecraft:tuff":2,"minecraft:white_bed":3,"minecraft:mossy_cobblestone":2,"minerally:deepslate_diamond_crystal_0":1,"minerally:copper_rock":3,"minecraft:deepslate_diamond_ore":12,"minecraft:obsidian":10,"minecraft:cave_vines_plant":10,"minecraft:glow_lichen":3,"minecraft:red_sand":9,"minecraft:grass_block":4,"graveyard:tg_deepslate":3,"minecraft:spruce_leaves":1,"minecraft:frosted_ice":2,"minecraft:moss_block":13,"minecraft:spore_blossom":1,"minecraft:magma_block":1,"minecraft:redstone_ore":1,"minerally:deepslate_diamond_crystal":1,"minecraft:furnace":2,"minecraft:iron_ore":22,"minecraft:cobbled_deepslate":4,"minerally:coal_rock":1,"minecraft:andesite":62,"minecraft:moss_carpet":2,"minecraft:pumpkin":9,"minecraft:deepslate_lapis_ore":5,"minecraft:big_dripleaf_stem":1,"soulsweapons:moonstone_ore_deepslate":4,"minerally:iron_pile_1":1,"minecraft:cave_vines":11,"minerally:deepslate_coal_pile_0":1,"minecraft:deepslate_iron_ore":1,"minerally:deepslate_gold_pile":1,"minecraft:iron_bars":2,"minerally:deepslate_diamond_crystal_1":1,"minecraft:azalea":4,"minecraft:stone":343,"minecraft:smithing_table":1,"minecraft:deepslate_redstone_ore":9,"minecraft:flowering_azalea":3,"minecraft:brown_mushroom":1,"minecraft:blackstone":43,"minecraft:cobbled_deepslate_wall":1,"minecraft:clay":7,"minecraft:blast_furnace":1,"minecraft:calcite":90,"minerally:deepslate_coal_pile_1":1,"ribbits:swamp_lantern":1,"minecraft:cobblestone":3,"minecraft:tall_grass":15,"minecraft:copper_ore":5,"minecraft:deepslate_coal_ore":4,"minecraft:cracked_deepslate_bricks":1,"minecraft:cyan_bed":1,"minecraft:deepslate_gold_ore":5,"minecraft:lapis_ore":5,"minecraft:oak_planks":3,"minecraft:sugar_cane":23,"minerally:lapis_rock":1,"minecraft:wall_torch":1,"minecraft:blue_bed":1,"minecraft:purple_bed":2,"minecraft:coarse_dirt":6,"minecraft:birch_log":10,"minecraft:ice":1,"minecraft:lilac":1,"minecraft:gray_bed":2,"minecraft:spruce_log":57,"minerally:deepslate_coal_pile":1,"minecraft:yellow_bed":1,"minecraft:cracked_deepslate_tiles":1,"minecraft:grass":34,"minecraft:coal_ore":50,"minecraft:gravel":13,"minecraft:dirt":13,"minecraft:cobweb":1,"minecraft:smooth_basalt":22,"minecraft:deepslate_tiles":2,"minecraft:deepslate":96,"minecraft:fern":2,"soulsweapons:verglas_ore":1},"minecraft:crafted":{"minecraft:wooden_sword":1,"scout:satchel":1,"fleshz:rotten_leather":14,"minecraft:cooked_chicken":4,"minecraft:stone_button":6,"magistuarmory:diamond_heavywarhammer":1,"minecraft:furnace":1,"minecraft:stone":3,"soulsweapons:featherlight":2,"minecraft:bookshelf":3,"minecraft:cooked_mutton":8,"magistuarmory:hilt":3,"scout:upgraded_pouch":2,"minecraft:iron_boots":2,"magistuarmory:diamond_concavehalberd":1,"magistuarmory:steel_ingot":1,"minecraft:stone_pickaxe":2,"minecraft:spruce_boat":2,"magistuarmory:pole":1,"soulsweapons:bluemoon_greatsword":1,"minecraft:cooked_beef":5,"magistuarmory:diamond_rondache":1,"soulsweapons:bluemoon_shortsword":1,"minecraft:cooked_porkchop":3,"minecraft:crafting_table":3,"minecraft:spruce_planks":484,"minecraft:iron_helmet":2,"minecraft:wooden_pickaxe":1,"minecraft:iron_sword":1,"magistuarmory:wood_roundshield":1,"minecraft:copper_ingot":20,"minecraft:bucket":4,"minecraft:birch_planks":40,"minecraft:stone_axe":1,"torchesntrinkets:torch_belt":1,"scout:pouch":2,"minecraft:iron_chestplate":1,"minecraft:paper":6,"minecraft:diamond_pickaxe":1,"minecraft:shield":1,"minecraft:stick":32,"minecraft:iron_ingot":41,"minecraft:iron_pickaxe":2,"minecraft:stone_sword":1,"minecraft:iron_leggings":1,"minecraft:gold_ingot":8,"minecraft:black_bed":1,"scout:upgraded_satchel":1,"minecraft:torch":60,"scout:satchel_strap":2,"magistuarmory:leather_strip":6,"minecraft:black_dye":27},"minecraft:used":{"soulsweapons:sting":1,"minecraft:stone_sword":53,"minecraft:red_sand":4,"minecraft:shield":75,"minecraft:iron_sword":59,"minecraft:torch":21,"artifacts:mimic_spawn_egg":1,"soulsweapons:featherlight":1,"minecraft:obsidian":10,"minecraft:spruce_boat":8,"minecraft:lava_bucket":2,"minecraft:bookshelf":3,"minecraft:iron_helmet":1,"minecraft:smooth_basalt":1,"minecraft:beef":5,"minecraft:furnace":2,"minecraft:gray_bed":1,"minecraft:egg":1,"minecraft:cooked_beef":10,"minecraft:cobbled_deepslate":37,"minecraft:calcite":78,"minecraft:cooked_mutton":38,"minecraft:water_bucket":9,"minecraft:diamond_boots":2,"minecraft:stone_pickaxe":150,"minecraft:blackstone":35,"minecraft:wooden_pickaxe":18,"minecraft:blue_bed":1,"minecraft:sugar_cane":15,"soulsweapons:bluemoon_shortsword":162,"minecraft:crafting_table":2,"minecraft:blast_furnace":1,"minecraft:black_bed":1,"minecraft:diamond_pickaxe":581,"minecraft:iron_pickaxe":180,"magistuarmory:diamond_concavehalberd":58,"minecraft:stone_axe":14,"minecraft:cobblestone":33,"minecraft:purple_bed":1,"minecraft:cooked_porkchop":16,"minecraft:bucket":15,"minecraft:yellow_bed":1,"minecraft:coarse_dirt":3,"minecraft:oak_fence":10}},"DataVersion":3465}