{"stats":{"minecraft:used":{"soulsweapons:sting":1,"minecraft:red_sand":4,"minecraft:stone_sword":53,"minecraft:shield":46,"minecraft:iron_sword":11,"minecraft:torch":15,"minecraft:spruce_boat":8,"minecraft:beef":5,"minecraft:furnace":1,"minecraft:egg":1,"minecraft:calcite":78,"minecraft:cooked_mutton":13,"minecraft:water_bucket":3,"minecraft:stone_pickaxe":150,"minecraft:blackstone":35,"minecraft:wooden_pickaxe":18,"minecraft:sugar_cane":15,"minecraft:crafting_table":2,"minecraft:diamond_pickaxe":39,"minecraft:iron_pickaxe":28,"minecraft:stone_axe":11,"minecraft:cooked_porkchop":6,"minecraft:bucket":5,"minecraft:coarse_dirt":3},"minecraft:killed":{"minecraft:skeleton":1,"minecraft:chicken":4,"minecraft:pig":1,"minecraft:sheep":4,"minecraft:zombie":3,"minecraft:cow":7},"minecraft:custom":{"minecraft:mob_kills":20,"minecraft:interact_with_crafting_table":21,"minecraft:open_barrel":3,"minecraft:leave_game":5,"minecraft:time_since_death":9452,"minecraft:climb_one_cm":354,"minecraft:sprint_one_cm":334410,"minecraft:walk_one_cm":418764,"minecraft:damage_blocked_by_shield":2215,"minecraft:drop":26,"minecraft:play_time":161514,"minecraft:deaths":24,"minecraft:sneak_time":946,"minecraft:walk_under_water_one_cm":40635,"minecraft:boat_one_cm":511139,"minecraft:jump":1727,"minecraft:walk_on_water_one_cm":62810,"minecraft:total_world_time":161514,"minecraft:interact_with_furnace":41,"minecraft:sleep_in_bed":8,"minecraft:time_since_rest":9590,"minecraft:damage_taken":6513,"minecraft:damage_absorbed":3396,"minecraft:damage_dealt":2559,"minecraft:swim_one_cm":8904,"minecraft:fly_one_cm":544422,"minecraft:open_chest":41,"minecraft:crouch_one_cm":359,"minecraft:interact_with_smoker":4,"minecraft:fall_one_cm":26358},"minecraft:picked_up":{"minecraft:iron_chestplate":1,"minecraft:coarse_dirt":3,"minecraft:chicken":4,"minecraft:clay_ball":8,"minecraft:brown_mushroom":1,"minecraft:shield":1,"minecraft:iron_leggings":1,"soulsweapons:sting":1,"minecraft:blackstone":35,"minecraft:red_sand":7,"minecraft:cobbled_deepslate":1,"minecraft:beef":12,"fleshz:hide":7,"minecraft:calcite":78,"minecraft:azalea":3,"minecraft:sugar_cane":31,"minecraft:egg":1,"minecraft:stick":19,"minecraft:raw_iron":14,"minecraft:porkchop":3,"minecraft:redstone":2,"minecraft:rotten_flesh":5,"minecraft:yellow_terracotta":18,"artifacts:pocket_piston":1,"minecraft:mutton":8,"minecraft:glow_berries":1,"minecraft:white_wool":3,"minecraft:cobblestone":28,"minecraft:birch_log":10,"minecraft:magma_block":1,"minecraft:feather":4,"minecraft:oak_log":6,"artifacts:flame_pendant":1,"minecraft:lapis_lazuli":2,"minecraft:dirt":1,"minecraft:bone":2,"minecraft:raw_gold":3,"minecraft:moss_block":9,"minecraft:oak_planks":2,"minecraft:flowering_azalea":1,"minecraft:smooth_basalt":20,"minecraft:cooked_porkchop":6,"minecraft:sheep_spawn_egg":1,"minecraft:gravel":4,"magistuarmory:rustednorman_helmet":1,"minecraft:spruce_sapling":36,"minecraft:white_bed":1,"minecraft:spruce_log":57,"magistuarmory:rustedchainmail_leggings":1,"minecraft:mossy_cobblestone":1,"scout:tanned_leather":2,"minecraft:diamond":3,"minecraft:spruce_boat":6,"minecraft:gray_wool":1,"minecraft:coal":14,"minecraft:diamond_pickaxe":1},"minecraft:killed_by":{"minecraft:player":1,"minecraft:spider":2,"minecraft:drowned":1,"minecraft:zombie":7},"minecraft:crafted":{"minecraft:wooden_sword":1,"minecraft:cooked_chicken":4,"minecraft:furnace":1,"minecraft:cooked_mutton":8,"minecraft:iron_boots":1,"minecraft:stone_pickaxe":2,"minecraft:spruce_boat":2,"minecraft:cooked_beef":5,"minecraft:cooked_porkchop":3,"minecraft:crafting_table":2,"minecraft:spruce_planks":228,"minecraft:iron_helmet":1,"minecraft:wooden_pickaxe":1,"minecraft:iron_sword":1,"minecraft:bucket":2,"minecraft:birch_planks":40,"minecraft:stone_axe":1,"minecraft:paper":6,"minecraft:shield":1,"minecraft:stick":20,"minecraft:iron_ingot":5,"minecraft:iron_pickaxe":2,"minecraft:stone_sword":1,"minecraft:torch":14},"minecraft:mined":{"minecraft:yellow_terracotta":18,"minerally:deepslate_diamond_crystal_0":1,"minecraft:mossy_cobblestone":2,"minecraft:glow_lichen":1,"minecraft:red_sand":8,"minecraft:grass_block":1,"minecraft:moss_block":10,"minerally:deepslate_diamond_crystal":1,"minecraft:magma_block":1,"minecraft:iron_ore":10,"minerally:coal_rock":1,"minerally:iron_pile_1":1,"minecraft:deepslate_iron_ore":1,"minerally:deepslate_diamond_crystal_1":1,"minecraft:azalea":2,"minecraft:stone":27,"minecraft:flowering_azalea":1,"minecraft:brown_mushroom":1,"minecraft:blackstone":39,"minecraft:clay":2,"minecraft:calcite":79,"minecraft:tall_grass":7,"minecraft:cobblestone":2,"minecraft:deepslate_gold_ore":3,"minecraft:sugar_cane":22,"minecraft:wall_torch":1,"minecraft:coarse_dirt":3,"minecraft:birch_log":10,"minecraft:ice":1,"minecraft:spruce_log":57,"minecraft:grass":15,"minecraft:coal_ore":15,"minecraft:gravel":2,"minecraft:smooth_basalt":20,"minecraft:deepslate":1},"minecraft:dropped":{"minecraft:iron_ingot":14,"minecraft:brown_mushroom":1,"minecraft:birch_planks":21,"minecraft:mossy_cobblestone":1,"minecraft:feather":4,"minecraft:yellow_terracotta":18,"magistuarmory:rustednorman_helmet":1,"minecraft:stick":20,"minecraft:dirt":1,"minecraft:gray_wool":1,"minecraft:white_wool":3,"minecraft:spruce_sapling":36,"minecraft:bone":17,"minecraft:smooth_basalt":20,"minecraft:gravel":4,"minecraft:sugar_cane":8,"minecraft:stone_sword":1,"minecraft:rotten_flesh":5,"soulsweapons:sting":1,"minecraft:oak_planks":2,"artifacts:pocket_piston":1,"minecraft:red_sand":3,"minecraft:stone_pickaxe":1,"minecraft:magma_block":1},"minecraft:broken":{"minecraft:stone_pickaxe":1,"minecraft:shield":1}},"DataVersion":3465}