{"stats":{"minecraft:broken":{"minecraft:diamond_helmet":2,"minecraft:iron_boots":1,"minecraft:iron_chestplate":2,"minecraft:iron_leggings":1,"minecraft:stone_pickaxe":1,"minecraft:diamond_boots":1,"minecraft:shield":2,"minecraft:iron_helmet":2},"minecraft:dropped":{"soulsweapons:bluemoon_shortsword":1,"minecraft:soul_sand":113,"minecraft:candle":2,"minecraft:moss_block":2,"minecraft:brown_mushroom":1,"minecraft:birch_planks":21,"minecraft:cooked_beef":2,"minecraft:baked_potato":1,"minecraft:glow_ink_sac":2,"minecraft:loom":1,"minecraft:glass_bottle":2,"minecraft:spore_blossom":1,"minecraft:dark_oak_sapling":1,"minecraft:cooked_porkchop":4,"minecraft:glow_berries":1,"minecraft:leather":4,"magistuarmory:rustednorman_helmet":1,"graveyard:corruption":34,"mobcatalog:cooked_crab_leg":5,"minecraft:cod":3,"minecraft:cyan_terracotta":3,"morebows:ender_bow":1,"magistuarmory:longbow":1,"minecraft:dirt":1,"minecraft:wooden_sword":2,"minecraft:bone_meal":11,"minecraft:phantom_membrane":7,"minecraft:sugar":2,"minecraft:fishing_rod":1,"minecraft:white_wool":8,"minecraft:bone":56,"minecraft:armor_stand":1,"minecraft:gravel":28,"minecraft:crimson_fungus":1,"minecraft:sugar_cane":42,"anim_guns:lmg_ammo_box":64,"minecraft:cobbled_deepslate":67,"minecraft:soul_lantern":1,"minecraft:stripped_dark_oak_log":3,"fleshz:hide":16,"minecraft:rotten_flesh":50,"minecraft:oak_planks":2,"minecraft:nether_brick_fence":2,"minecraft:salmon":1,"minecraft:warped_planks":5,"minecraft:leather_chestplate":1,"minecraft:gunpowder":3,"minecraft:leather_boots":1,"minecraft:azalea":5,"soulsweapons:crucible_sword":1,"minecraft:leather_leggings":1,"minecraft:basalt":4,"minecraft:arrow":2,"minecraft:iron_bars":3,"minecraft:netherrack":702,"minecraft:iron_ingot":14,"minecraft:purple_carpet":1,"minecraft:enchanted_book":3,"minecraft:water_bucket":1,"morebows:diamond_bow":3,"minecraft:wheat_seeds":19,"minecraft:mossy_cobblestone":1,"minecraft:feather":12,"minecraft:yellow_terracotta":18,"minecraft:cobblestone":116,"minecraft:amethyst_block":1,"minecraft:copper_ingot":17,"minecraft:tropical_fish":14,"minecraft:deepslate_tile_slab":2,"graveyard:bone_dagger":1,"minecraft:grass_block":1,"minecraft:coal":2,"minecraft:pufferfish":1,"minecraft:stick":21,"minecraft:cobweb":16,"minecraft:gray_wool":1,"minecraft:warped_stairs":2,"minecraft:ink_sac":3,"soulsweapons:guts_sword":2,"artifacts:obsidian_skull":1,"minecraft:iron_leggings":1,"minecraft:flowering_azalea":3,"minecraft:iron_axe":1,"minecraft:lily_pad":35,"minecraft:string":7,"minecraft:tripwire_hook":3,"minecraft:spruce_sapling":36,"minecraft:smooth_basalt":32,"minecraft:redstone":1,"simplyswords:toxic_longsword":1,"minecraft:moss_carpet":14,"minecraft:soul_soil":98,"minecraft:netherite_hoe":1,"minecraft:coarse_dirt":3,"minecraft:stone_sword":1,"simplyswords:gold_warglaive":1,"minecraft:tuff":1,"soulsweapons:sting":1,"minecraft:wither_skeleton_skull":2,"minecraft:clay_ball":4,"minecraft:iron_boots":1,"minecraft:polished_deepslate_stairs":1,"minecraft:big_dripleaf":6,"graveyard:spruce_coffin":1,"minecraft:allium":1,"minecraft:warped_fence":1,"minecraft:diamond_pickaxe":1,"minecraft:iron_chestplate":1,"minecraft:andesite":5,"artifacts:pocket_piston":1,"minecraft:bow":3,"minecraft:red_sand":5,"minecraft:stone_pickaxe":1,"minecraft:raw_gold":9,"minecraft:calcite":5,"minecraft:magma_block":1,"anim_guns:lmg_minigun":1},"minecraft:killed_by":{"minecraft:drowned":1,"minecraft:zombie":7,"minecraft:player":1,"minecraft:spider":2},"minecraft:killed":{"minecraft:zombified_piglin":2,"minecraft:witch":3,"graveyard:skeleton_creeper":1,"minecraft:spider":10,"soulsweapons:accursed_lord_boss":1,"aquamirae:tortured_soul":3,"graveyard:wraith":12,"minecraft:skeleton":46,"minecraft:guardian":3,"graveyard:acolyte":7,"minecraft:chicken":13,"minecraft:tropical_fish":6,"artifacts:mimic":3,"minecraft:magma_cube":6,"minecraft:pig":14,"minecraft:zombie_villager":1,"minecraft:salmon":2,"minecraft:creeper":15,"minecraft:sheep":12,"minecraft:pillager":11,"minecraft:zombie":81,"minecraft:ghast":1,"minecraft:glow_squid":1,"minecraft:blaze":12,"graveyard:corrupted_pillager":2,"minecraft:cow":15,"minecraft:evoker":2,"minecraft:vex":7,"adventurez:nightmare":2,"graveyard:corrupted_vindicator":1,"minecraft:vindicator":10,"mobcatalog:stonemaw":1,"minecraft:phantom":10,"minecraft:drowned":6,"aquamirae:maw":2,"graveyard:ghoul":3,"adventurez:soul_reaper":2,"minecraft:bat":3,"minecraft:hoglin":1,"minecraft:ravager":1,"minecraft:squid":3,"minecraft:polar_bear":1,"soulsweapons:withered_demon":2,"minecraft:wither_skeleton":2,"minecraft:enderman":4,"mobcatalog:crab":1},"minecraft:custom":{"minecraft:animals_bred":1,"minecraft:interact_with_crafting_table":132,"minecraft:open_barrel":107,"minecraft:eat_cake_slice":3,"minecraft:leave_game":11,"minecraft:time_since_death":9146,"minecraft:damage_resisted":252,"minecraft:sprint_one_cm":1551009,"minecraft:damage_blocked_by_shield":6551,"minecraft:drop":207,"minecraft:talked_to_villager":27,"minecraft:play_time":1111768,"minecraft:deaths":33,"minecraft:jump":6994,"minecraft:walk_on_water_one_cm":218143,"minecraft:enchant_item":49,"minecraft:interact_with_furnace":182,"minecraft:traded_with_villager":3,"minecraft:interact_with_cartography_table":2,"minecraft:interact_with_loom":1,"minecraft:sleep_in_bed":28,"minecraft:damage_dealt":34683,"minecraft:crouch_one_cm":8330,"minecraft:interact_with_smoker":14,"minecraft:use_cauldron":2,"minecraft:interact_with_smithing_table":7,"minecraft:interact_with_anvil":74,"minecraft:mob_kills":385,"minecraft:fill_cauldron":2,"minecraft:interact_with_campfire":11,"minecraft:damage_dealt_resisted":90,"minecraft:climb_one_cm":15874,"minecraft:walk_one_cm":2634939,"minecraft:damage_dealt_absorbed":1360,"minecraft:raid_win":1,"minecraft:walk_under_water_one_cm":210940,"minecraft:sneak_time":24380,"minecraft:boat_one_cm":1294977,"minecraft:interact_with_lectern":1,"minecraft:interact_with_blast_furnace":107,"minecraft:total_world_time":1111768,"minecraft:raid_trigger":15,"minecraft:interact_with_grindstone":1,"minecraft:time_since_rest":9297,"minecraft:damage_taken":25959,"minecraft:damage_absorbed":5489,"minecraft:swim_one_cm":79392,"minecraft:fly_one_cm":2572528,"minecraft:open_chest":673,"minecraft:fish_caught":21,"minecraft:fall_one_cm":147105},"minecraft:picked_up":{"minecraft:iron_chestplate":2,"minecraft:nether_brick_fence":2,"minecraft:smithing_table":1,"soulsweapons:moonstone":15,"minecraft:potion":1,"minecraft:enchanted_book":5,"minecraft:warped_stairs":2,"minecraft:amethyst_block":1,"minecraft:soul_soil":112,"artifacts:mimic_spawn_egg":1,"minecraft:string":76,"minecraft:raw_copper":23,"minecraft:iron_leggings":2,"minecraft:armor_stand":2,"minecraft:pufferfish":2,"minecraft:deepslate_tiles":3,"minecraft:red_sand":10,"minecraft:gold_nugget":23,"minecraft:cobbled_deepslate":338,"bosses_of_mass_destruction:soul_star":2,"minecraft:spruce_planks":12,"minecraft:calcite":110,"minecraft:azalea":8,"minecraft:enchanted_golden_apple":1,"hangglider:hang_glider":1,"minecraft:furnace":2,"minecraft:iron_boots":1,"minecraft:stick":25,"minecraft:big_dripleaf":11,"minecraft:polished_deepslate_stairs":1,"minecraft:oak_fence":10,"minecraft:porkchop":14,"minecraft:pointed_dripstone":2,"minecraft:warped_planks":5,"minecraft:zombie_spawn_egg":3,"minecraft:phantom_spawn_egg":1,"minecraft:rotten_flesh":119,"minecraft:tropical_fish":11,"minecraft:cyan_terracotta":3,"minecraft:blaze_rod":4,"minecraft:snowball":4,"minecraft:obsidian":26,"minecraft:iron_bars":7,"minecraft:cod":15,"morebows:diamond_bow":3,"minecraft:cobblestone":355,"minecraft:birch_log":10,"minecraft:magma_block":1,"minecraft:leather_chestplate":2,"minecraft:feather":15,"minecraft:cooked_beef":17,"minecraft:lilac":1,"morebows:ender_bow":1,"minecraft:water_bucket":1,"minecraft:andesite":6,"minecraft:flint":3,"minecraft:tuff":66,"artifacts:flame_pendant":2,"minecraft:wither_skeleton_skull":4,"minecraft:lapis_lazuli":255,"minecraft:dirt":17,"aquamirae:fin":3,"minecraft:purple_carpet":1,"minecraft:leather_boots":4,"minecraft:bone":74,"minecraft:bow":4,"minecraft:wheat_seeds":56,"minecraft:raw_gold":51,"minecraft:cobbled_deepslate_slab":2,"magistuarmory:diamond_rondache":1,"soulsweapons:crucible_sword":1,"minecraft:bamboo":28,"minecraft:moss_block":14,"minecraft:oak_planks":5,"minecraft:sheep_spawn_egg":1,"minecraft:cooked_porkchop":25,"simplyswords:toxic_longsword":1,"graveyard:bone_dagger":1,"mobcatalog:cooked_crab_leg":5,"minecraft:ink_sac":3,"minecraft:grass_block":2,"minecraft:loom":1,"minecraft:cyan_bed":1,"minecraft:mossy_cobblestone":1,"scout:tanned_leather":13,"minecraft:sugar":2,"minecraft:diamond":78,"minecraft:soul_lantern":1,"minecraft:spruce_boat":23,"artifacts:crystal_heart":1,"minecraft:blaze_spawn_egg":2,"minecraft:crossbow":1,"minecraft:bone_meal":5,"soulsweapons:verglas":2,"minecraft:crimson_roots":10,"minecraft:emerald":16,"minecraft:netherrack":881,"soulsweapons:guts_sword":2,"minecraft:oak_sapling":1,"minecraft:diamond_pickaxe":5,"minecraft:fishing_rod":4,"minecraft:crafting_table":1,"minecraft:coarse_dirt":6,"minecraft:allium":1,"minecraft:nether_wart":48,"minecraft:chicken":12,"minecraft:ladder":1,"minecraft:clay_ball":88,"minecraft:leather_leggings":2,"minecraft:brown_mushroom":1,"minecraft:spider_spawn_egg":1,"minecraft:shield":1,"anim_guns:lmg_ammo_box":64,"minecraft:wooden_sword":2,"soulsweapons:demon_heart":2,"minecraft:moss_carpet":16,"minecraft:iron_axe":2,"soulsweapons:sting":1,"minecraft:item_frame":7,"minecraft:warped_fence":1,"graveyard:soul_fire_brazier":1,"minecraft:blackstone":40,"torchesntrinkets:lantern_belt":1,"graveyard:corruption":28,"anim_guns:lmg_minigun":1,"minecraft:beef":19,"fleshz:hide":21,"minecraft:player_head":4,"minecraft:sugar_cane":67,"minecraft:phantom_membrane":7,"minecraft:egg":4,"minecraft:dark_oak_sapling":1,"minecraft:raw_iron":174,"minecraft:squid_spawn_egg":1,"minecraft:copper_ingot":2,"aquamirae:shell_horn":1,"graveyard:acolyte_spawn_egg":1,"minecraft:carrot":1,"minecraft:redstone":68,"simplyswords:diamond_halberd":1,"minecraft:arrow":61,"minecraft:cooked_cod":2,"minecraft:nether_bricks":26,"ribbits:swamp_lantern":1,"minecraft:diamond_boots":1,"minecraft:hay_block":9,"minecraft:yellow_terracotta":18,"artifacts:cross_necklace":1,"minecraft:cracked_deepslate_bricks":1,"minecraft:totem_of_undying":1,"minecraft:saddle":2,"artifacts:pocket_piston":2,"minecraft:glow_berries":2,"minecraft:mutton":8,"graveyard:wraith_spawn_egg":1,"minecraft:skeleton_skull":1,"minecraft:white_wool":10,"minecraft:cracked_deepslate_tiles":2,"minecraft:basalt":13,"minecraft:golden_carrot":34,"minecraft:tripwire_hook":4,"minecraft:glow_ink_sac":2,"minecraft:salmon":4,"minecraft:leather":34,"soulsweapons:withered_demon_heart":1,"minecraft:crimson_fungus":1,"graveyard:spruce_coffin":1,"minecraft:oak_log":6,"minecraft:lily_pad":30,"minecraft:yellow_bed":1,"minecraft:gunpowder":6,"minecraft:deepslate_tile_slab":2,"minecraft:blue_bed":1,"minecraft:white_banner":2,"minecraft:spawner":1,"minecraft:cooked_mutton":19,"soulsweapons:lord_soul_red":1,"minecraft:spore_blossom":2,"torchesntrinkets:torch_belt":1,"artifacts:whoopee_cushion":2,"minecraft:cooked_chicken":7,"artifacts:kitty_slippers":1,"minecraft:glass_bottle":2,"minecraft:gray_bed":2,"minecraft:soul_sand":143,"minecraft:flowering_azalea":6,"minecraft:book":42,"soulsweapons:bluemoon_shortsword":1,"artifacts:obsidian_skull":1,"minecraft:smooth_basalt":46,"minecraft:pumpkin":9,"minecraft:sweet_berries":2,"minecraft:quartz":65,"minecraft:gravel":35,"magistuarmory:longbow":1,"minecraft:amethyst_shard":75,"magistuarmory:rustednorman_helmet":1,"simplyswords:gold_warglaive":1,"minecraft:spruce_sapling":36,"minecraft:red_banner":1,"minecraft:blast_furnace":1,"minecraft:white_bed":4,"minecraft:spruce_log":118,"magistuarmory:rustedchainmail_leggings":1,"fleshz:prepared_hide":1,"artifacts:scarf_of_invisibility":1,"soulsweapons:darkin_blade":2,"minecraft:purple_bed":2,"magistuarmory:diamond_concavehalberd":1,"minecraft:gray_wool":3,"minecraft:warped_roots":1,"minecraft:baked_potato":1,"minecraft:netherite_hoe":1,"minecraft:coal":127,"minecraft:stripped_dark_oak_log":3,"minecraft:ender_pearl":12},"minecraft:mined":{"minerally:deepslate_gold_pile_0":1,"minerally:deepslate_gold_pile_1":1,"minecraft:spruce_planks":9,"minecraft:white_bed":3,"minerally:deepslate_diamond_crystal_0":1,"minerally:copper_rock":3,"minecraft:red_nether_bricks":1,"minecraft:warped_stairs":4,"minecraft:obsidian":29,"minecraft:cave_vines_plant":16,"minecraft:budding_amethyst":1,"minecraft:red_sand":11,"minecraft:grass_block":4,"minecraft:soul_soil":160,"minecraft:deepslate_bricks":1,"minecraft:nether_wart":40,"minecraft:crimson_fungus":1,"minecraft:frosted_ice":4,"minecraft:spawner":3,"minerally:deepslate_copper_pile_0":1,"minecraft:magma_block":3,"minecraft:red_nether_brick_stairs":2,"minecraft:fire":31,"minecraft:iron_ore":70,"minecraft:cobbled_deepslate":10,"minerally:coal_rock":1,"minecraft:moss_carpet":2,"minecraft:pumpkin":9,"minecraft:deepslate_lapis_ore":6,"minerally:iron_pile_1":1,"minecraft:cave_vines":16,"minerally:deepslate_coal_pile_0":2,"minecraft:iron_bars":11,"minecraft:deepslate_brick_stairs":1,"minerally:deepslate_diamond_crystal_1":1,"minecraft:azalea":6,"minecraft:white_banner":1,"graveyard:wither_skull_pile":1,"minecraft:player_head":3,"minecraft:deepslate_redstone_ore":10,"minecraft:brown_mushroom":1,"minecraft:cyan_terracotta":4,"minecraft:blackstone":51,"soulsweapons:verglas_ore_deepslate":1,"minecraft:soul_fire":21,"minecraft:amethyst_cluster":11,"minecraft:deepslate_tile_slab":2,"minecraft:clay":29,"minecraft:blast_furnace":1,"minecraft:calcite":124,"minerally:deepslate_coal_pile_1":2,"minerally:deepslate_copper_pile":1,"minecraft:nether_quartz_ore":36,"minecraft:wither_skeleton_wall_skull":1,"minecraft:cobblestone":22,"minecraft:cyan_bed":1,"minerally:lapis_pile":2,"minecraft:sugar_cane":33,"minecraft:oak_planks":3,"minecraft:wall_torch":1,"minecraft:amethyst_block":1,"minecraft:nether_wart_block":1,"minecraft:warped_planks":5,"minecraft:birch_log":10,"minecraft:lilac":1,"minecraft:grass":317,"minecraft:cracked_deepslate_tiles":1,"graveyard:creeper_skeleton":1,"minecraft:loom":1,"minecraft:dirt":15,"minerally:deepslate_copper_pile_1":1,"minecraft:smooth_basalt":35,"minecraft:wither_skeleton_skull":1,"minecraft:tripwire_hook":2,"minecraft:nether_gold_ore":12,"minecraft:netherrack":870,"minecraft:oak_leaves":2,"minecraft:deepslate":545,"soulsweapons:verglas_ore":1,"minecraft:yellow_terracotta":18,"minecraft:deepslate_tiles":3,"minecraft:tuff":77,"minecraft:mossy_cobblestone":2,"minecraft:deepslate_diamond_ore":28,"minecraft:nether_bricks":17,"minecraft:glow_lichen":4,"minecraft:ladder":1,"minecraft:cobbled_deepslate_slab":1,"minecraft:crimson_roots":11,"graveyard:tg_deepslate":4,"minerally:lapis_pile_1":2,"minecraft:spruce_leaves":1,"minecraft:moss_block":30,"minecraft:large_fern":1,"minecraft:hay_block":9,"minecraft:spore_blossom":1,"graveyard:soul_fire_brazier":1,"minecraft:redstone_ore":3,"minerally:redstone_pile_0":1,"minerally:deepslate_diamond_crystal":1,"minecraft:furnace":2,"graveyard:tg_moss_block":3,"minerally:redstone_pile_1":1,"minecraft:andesite":62,"minecraft:big_dripleaf_stem":2,"minecraft:nether_brick_fence":1,"soulsweapons:moonstone_ore_deepslate":10,"minecraft:bookshelf":15,"minecraft:deepslate_iron_ore":26,"minerally:deepslate_gold_pile":1,"minecraft:vine":1,"minecraft:packed_ice":23,"minecraft:bamboo":59,"minecraft:stone":480,"minecraft:smithing_table":1,"minecraft:flowering_azalea":6,"minecraft:soul_sand":171,"minecraft:stripped_dark_oak_log":8,"minecraft:basalt":14,"minecraft:warped_fence":1,"graveyard:small_light_gray_urn":1,"minecraft:crafting_table":1,"minecraft:cobbled_deepslate_wall":1,"minerally:redstone_pile":1,"ribbits:swamp_lantern":1,"minecraft:tall_grass":20,"minecraft:copper_ore":5,"minecraft:deepslate_coal_ore":4,"minecraft:deepslate_gold_ore":21,"minecraft:lapis_ore":13,"minecraft:lily_pad":1,"minecraft:cracked_deepslate_bricks":1,"minerally:lapis_rock":2,"minecraft:blue_bed":1,"minecraft:black_stained_glass":1,"minecraft:gray_wool":2,"minecraft:purple_bed":2,"minerally:gold_rock":3,"minecraft:coarse_dirt":11,"graveyard:vase_block":5,"minecraft:ice":11,"minecraft:gray_bed":2,"minecraft:spruce_log":57,"minerally:deepslate_coal_pile":2,"minecraft:yellow_bed":1,"minecraft:red_wall_banner":1,"minecraft:coal_ore":82,"minerally:lapis_pile_0":2,"minecraft:gravel":43,"minecraft:cobweb":8,"minecraft:small_dripleaf":2,"minerally:quartz_rock":1,"minecraft:gold_ore":2,"minecraft:fern":84},"minecraft:crafted":{"minecraft:black_dye":27,"scout:satchel":1,"fleshz:rotten_leather":32,"minecraft:cooked_chicken":12,"minecraft:stone":3,"minecraft:diamond_shovel":1,"minecraft:bookshelf":3,"minecraft:cooked_mutton":8,"minecraft:iron_bars":32,"minecraft:diamond_leggings":1,"minecraft:diamond_helmet":2,"minecraft:bow":2,"minecraft:iron_boots":2,"magistuarmory:diamond_concavehalberd":1,"magistuarmory:pole":1,"soulsweapons:bluemoon_greatsword":1,"minecraft:cooked_porkchop":11,"minecraft:diamond_axe":1,"minecraft:crafting_table":3,"minecraft:spruce_planks":484,"minecraft:wooden_pickaxe":1,"minecraft:iron_helmet":2,"magistuarmory:wood_roundshield":1,"minecraft:copper_ingot":195,"minecraft:birch_planks":40,"scout:pouch":2,"minecraft:iron_chestplate":1,"minecraft:paper":6,"minecraft:diamond_pickaxe":1,"minecraft:shield":1,"minecraft:stick":44,"minecraft:iron_ingot":320,"minecraft:iron_pickaxe":2,"minecraft:iron_block":6,"minecraft:stone_sword":1,"minecraft:gold_ingot":160,"minecraft:black_bed":1,"morebows:diamond_bow":2,"scout:satchel_strap":2,"magistuarmory:leather_strip":6,"minecraft:wooden_sword":1,"soulsweapons:guts_sword":1,"magistuarmory:diamond_heavywarhammer":1,"minecraft:stone_button":6,"minecraft:furnace":1,"soulsweapons:featherlight":2,"minecraft:flint_and_steel":1,"magistuarmory:hilt":3,"scout:upgraded_pouch":2,"magistuarmory:steel_ingot":1,"minecraft:stone_pickaxe":2,"minecraft:diamond_boots":1,"minecraft:spruce_boat":4,"minecraft:wheat":81,"minecraft:cooked_beef":12,"minecraft:cooked_cod":15,"magistuarmory:diamond_rondache":1,"soulsweapons:bluemoon_shortsword":1,"minecraft:iron_sword":1,"minecraft:bucket":4,"minecraft:stone_axe":1,"minecraft:enchanted_book":3,"minecraft:bread":27,"minecraft:air":0,"torchesntrinkets:torch_belt":1,"minecraft:iron_leggings":1,"scout:upgraded_satchel":1,"minecraft:torch":60,"minecraft:diamond_chestplate":1},"minecraft:used":{"minecraft:moss_block":3,"minecraft:red_sand":4,"minecraft:ladder":1,"minecraft:shield":75,"minecraft:iron_sword":59,"minecraft:player_head":1,"minecraft:soul_sand":4,"simplyswords:gold_katana":3,"minecraft:carrot":1,"artifacts:mimic_spawn_egg":1,"minecraft:axolotl_bucket":2,"minecraft:snowball":1,"minecraft:obsidian":24,"minecraft:spruce_boat":25,"minecraft:lava_bucket":4,"minecraft:iron_helmet":1,"minecraft:furnace":2,"minecraft:cooked_cod":12,"minecraft:gray_bed":1,"minecraft:egg":2,"soulsweapons:darkin_blade":128,"minecraft:diamond_boots":4,"minecraft:wither_skeleton_skull":3,"minecraft:stone_pickaxe":150,"minecraft:blackstone":35,"minecraft:wooden_pickaxe":18,"minecraft:sugar_cane":15,"minecraft:diamond_axe":37,"minecraft:blue_bed":1,"morebows:ender_bow":1,"minecraft:golden_apple":6,"soulsweapons:bluemoon_shortsword":162,"minecraft:blast_furnace":1,"minecraft:black_bed":1,"magistuarmory:longbow":39,"minecraft:bread":57,"magistuarmory:diamond_concavehalberd":214,"minecraft:coarse_dirt":3,"soulsweapons:sting":1,"minecraft:oak_fence":10,"minecraft:iron_bars":29,"minecraft:stone_sword":53,"minecraft:flint_and_steel":3,"minecraft:armor_stand":1,"morebows:diamond_bow":1061,"minecraft:spruce_planks":2,"minecraft:cooked_chicken":22,"minecraft:netherrack":20,"minecraft:torch":34,"minecraft:diamond_helmet":2,"soulsweapons:featherlight":1,"minecraft:bookshelf":3,"minecraft:spawner":1,"soulsweapons:guts_sword":257,"minecraft:smooth_basalt":1,"minecraft:diamond_chestplate":4,"minecraft:golden_carrot":28,"minecraft:beef":8,"minecraft:soul_soil":14,"minecraft:cooked_beef":27,"minecraft:cobbled_deepslate":80,"minecraft:enchanted_golden_apple":1,"minecraft:calcite":78,"minecraft:cooked_mutton":57,"minecraft:water_bucket":54,"minecraft:crafting_table":3,"graveyard:soul_fire_brazier":1,"minecraft:diamond_pickaxe":2681,"minecraft:apple":1,"minecraft:diamond_shovel":360,"minecraft:leather_helmet":1,"minecraft:iron_pickaxe":180,"minecraft:stone_axe":14,"minecraft:fishing_rod":44,"minecraft:potion":1,"minecraft:cobblestone":60,"minecraft:purple_bed":1,"minecraft:cooked_porkchop":32,"minecraft:bucket":58,"minecraft:yellow_bed":1,"minecraft:diamond_leggings":1}},"DataVersion":3465}