{"stats":{"minecraft:used":{"soulsweapons:sting":1,"minecraft:stone_sword":53,"minecraft:red_sand":4,"minecraft:shield":75,"minecraft:iron_sword":59,"minecraft:torch":16,"artifacts:mimic_spawn_egg":1,"minecraft:obsidian":10,"minecraft:spruce_boat":8,"minecraft:lava_bucket":2,"minecraft:bookshelf":3,"minecraft:beef":5,"minecraft:furnace":2,"minecraft:gray_bed":1,"minecraft:egg":1,"minecraft:cooked_beef":10,"minecraft:cobbled_deepslate":37,"minecraft:calcite":78,"minecraft:cooked_mutton":38,"minecraft:water_bucket":6,"minecraft:stone_pickaxe":150,"minecraft:blackstone":35,"minecraft:wooden_pickaxe":18,"minecraft:blue_bed":1,"minecraft:sugar_cane":15,"soulsweapons:bluemoon_shortsword":162,"minecraft:crafting_table":2,"minecraft:blast_furnace":1,"minecraft:diamond_pickaxe":567,"minecraft:iron_pickaxe":180,"minecraft:stone_axe":14,"minecraft:cobblestone":30,"minecraft:purple_bed":1,"minecraft:cooked_porkchop":6,"minecraft:bucket":12,"minecraft:yellow_bed":1,"minecraft:coarse_dirt":3},"minecraft:killed":{"minecraft:skeleton":4,"minecraft:chicken":10,"artifacts:mimic":3,"minecraft:pig":8,"minecraft:salmon":2,"minecraft:squid":2,"minecraft:sheep":5,"minecraft:zombie":10,"minecraft:cow":12},"minecraft:picked_up":{"minecraft:coarse_dirt":3,"minecraft:iron_chestplate":1,"minecraft:chicken":9,"minecraft:clay_ball":8,"minecraft:brown_mushroom":1,"minecraft:smithing_table":1,"soulsweapons:moonstone":4,"minecraft:shield":1,"artifacts:mimic_spawn_egg":1,"minecraft:moss_carpet":3,"minecraft:raw_copper":22,"minecraft:iron_leggings":1,"soulsweapons:sting":1,"minecraft:blackstone":35,"minecraft:red_sand":8,"minecraft:cobbled_deepslate":63,"minecraft:beef":19,"fleshz:hide":11,"minecraft:calcite":78,"minecraft:azalea":4,"minecraft:sugar_cane":31,"minecraft:furnace":2,"minecraft:egg":3,"minecraft:raw_iron":16,"minecraft:stick":19,"minecraft:big_dripleaf":5,"minecraft:porkchop":8,"minecraft:redstone":45,"minecraft:zombie_spawn_egg":1,"minecraft:arrow":1,"minecraft:rotten_flesh":10,"ribbits:swamp_lantern":1,"minecraft:yellow_terracotta":18,"artifacts:pocket_piston":1,"minecraft:obsidian":10,"minecraft:glow_berries":1,"minecraft:mutton":8,"minecraft:white_wool":3,"minecraft:cobblestone":265,"minecraft:birch_log":10,"minecraft:magma_block":1,"minecraft:lilac":1,"minecraft:feather":7,"minecraft:cooked_beef":5,"minecraft:andesite":6,"minecraft:tuff":1,"minecraft:oak_log":6,"minecraft:yellow_bed":1,"artifacts:flame_pendant":1,"minecraft:lapis_lazuli":74,"minecraft:dirt":15,"minecraft:blue_bed":1,"minecraft:bone":4,"minecraft:wheat_seeds":3,"minecraft:raw_gold":8,"minecraft:spore_blossom":2,"artifacts:kitty_slippers":1,"minecraft:moss_block":9,"minecraft:gray_bed":2,"minecraft:oak_planks":5,"minecraft:flowering_azalea":3,"soulsweapons:bluemoon_shortsword":1,"minecraft:smooth_basalt":20,"minecraft:sheep_spawn_egg":1,"minecraft:cooked_porkchop":13,"minecraft:pumpkin":9,"minecraft:gravel":11,"magistuarmory:rustednorman_helmet":1,"minecraft:spruce_sapling":36,"minecraft:blast_furnace":1,"minecraft:white_bed":4,"minecraft:spruce_log":57,"magistuarmory:rustedchainmail_leggings":1,"artifacts:scarf_of_invisibility":1,"minecraft:mossy_cobblestone":1,"scout:tanned_leather":2,"minecraft:purple_bed":2,"minecraft:diamond":15,"minecraft:spruce_boat":6,"artifacts:crystal_heart":1,"minecraft:gray_wool":1,"soulsweapons:verglas":1,"minecraft:coal":56,"minecraft:diamond_pickaxe":1},"minecraft:custom":{"minecraft:interact_with_smithing_table":1,"minecraft:mob_kills":58,"minecraft:interact_with_anvil":1,"minecraft:interact_with_crafting_table":35,"minecraft:open_barrel":45,"minecraft:damage_dealt_resisted":90,"minecraft:eat_cake_slice":3,"minecraft:leave_game":7,"minecraft:time_since_death":17503,"minecraft:climb_one_cm":6238,"minecraft:sprint_one_cm":685449,"minecraft:walk_one_cm":826033,"minecraft:damage_blocked_by_shield":3554,"minecraft:drop":34,"minecraft:talked_to_villager":1,"minecraft:play_time":294743,"minecraft:sneak_time":2252,"minecraft:deaths":26,"minecraft:walk_under_water_one_cm":68739,"minecraft:boat_one_cm":511139,"minecraft:jump":3206,"minecraft:interact_with_blast_furnace":2,"minecraft:walk_on_water_one_cm":95734,"minecraft:total_world_time":294743,"minecraft:interact_with_furnace":52,"minecraft:sleep_in_bed":16,"minecraft:time_since_rest":58,"minecraft:damage_taken":9394,"minecraft:damage_absorbed":3692,"minecraft:damage_dealt":8488,"minecraft:swim_one_cm":55367,"minecraft:fly_one_cm":800265,"minecraft:open_chest":94,"minecraft:crouch_one_cm":3640,"minecraft:interact_with_smoker":6,"minecraft:fall_one_cm":53368},"minecraft:killed_by":{"minecraft:player":1,"minecraft:spider":2,"minecraft:drowned":1,"minecraft:zombie":7},"minecraft:crafted":{"minecraft:wooden_sword":1,"minecraft:cooked_chicken":4,"minecraft:furnace":1,"soulsweapons:featherlight":2,"minecraft:bookshelf":3,"minecraft:cooked_mutton":8,"minecraft:iron_boots":1,"minecraft:stone_pickaxe":2,"minecraft:spruce_boat":2,"minecraft:cooked_beef":5,"soulsweapons:bluemoon_shortsword":1,"minecraft:cooked_porkchop":3,"minecraft:crafting_table":2,"minecraft:spruce_planks":228,"minecraft:iron_helmet":1,"minecraft:wooden_pickaxe":1,"minecraft:iron_sword":1,"minecraft:bucket":4,"minecraft:birch_planks":40,"minecraft:stone_axe":1,"minecraft:paper":6,"minecraft:diamond_pickaxe":1,"minecraft:shield":1,"minecraft:stick":24,"minecraft:iron_ingot":41,"minecraft:iron_pickaxe":2,"minecraft:stone_sword":1,"minecraft:gold_ingot":6,"minecraft:torch":28},"minecraft:mined":{"minecraft:yellow_terracotta":18,"minerally:deepslate_gold_pile_0":1,"minerally:deepslate_gold_pile_1":1,"minecraft:tuff":2,"minecraft:white_bed":3,"minecraft:mossy_cobblestone":2,"minerally:deepslate_diamond_crystal_0":1,"minerally:copper_rock":3,"minecraft:deepslate_diamond_ore":12,"minecraft:obsidian":10,"minecraft:cave_vines_plant":10,"minecraft:glow_lichen":3,"minecraft:red_sand":9,"minecraft:grass_block":4,"minecraft:spruce_leaves":1,"minecraft:moss_block":13,"minecraft:spore_blossom":1,"minecraft:magma_block":1,"minecraft:redstone_ore":1,"minerally:deepslate_diamond_crystal":1,"minecraft:furnace":2,"minecraft:iron_ore":22,"minecraft:cobbled_deepslate":3,"minerally:coal_rock":1,"minecraft:andesite":62,"minecraft:moss_carpet":2,"minecraft:pumpkin":9,"minecraft:deepslate_lapis_ore":5,"minecraft:big_dripleaf_stem":1,"soulsweapons:moonstone_ore_deepslate":4,"minerally:iron_pile_1":1,"minecraft:cave_vines":11,"minerally:deepslate_coal_pile_0":1,"minecraft:deepslate_iron_ore":1,"minerally:deepslate_gold_pile":1,"minerally:deepslate_diamond_crystal_1":1,"minecraft:azalea":4,"minecraft:stone":343,"minecraft:smithing_table":1,"minecraft:deepslate_redstone_ore":9,"minecraft:flowering_azalea":3,"minecraft:brown_mushroom":1,"minecraft:blackstone":43,"minecraft:clay":7,"minecraft:blast_furnace":1,"minecraft:calcite":90,"minerally:deepslate_coal_pile_1":1,"ribbits:swamp_lantern":1,"minecraft:cobblestone":3,"minecraft:tall_grass":15,"minecraft:copper_ore":5,"minecraft:deepslate_coal_ore":4,"minecraft:deepslate_gold_ore":5,"minecraft:lapis_ore":5,"minecraft:oak_planks":3,"minecraft:sugar_cane":22,"minerally:lapis_rock":1,"minecraft:wall_torch":1,"minecraft:blue_bed":1,"minecraft:purple_bed":2,"minecraft:coarse_dirt":6,"minecraft:birch_log":10,"minecraft:ice":1,"minecraft:lilac":1,"minecraft:gray_bed":2,"minecraft:spruce_log":57,"minerally:deepslate_coal_pile":1,"minecraft:yellow_bed":1,"minecraft:grass":34,"minecraft:coal_ore":50,"minecraft:gravel":12,"minecraft:dirt":13,"minecraft:smooth_basalt":20,"minecraft:deepslate":96,"minecraft:fern":2,"soulsweapons:verglas_ore":1},"minecraft:dropped":{"soulsweapons:bluemoon_shortsword":1,"minecraft:iron_ingot":14,"minecraft:birch_planks":21,"minecraft:brown_mushroom":1,"minecraft:mossy_cobblestone":1,"minecraft:spore_blossom":1,"minecraft:yellow_terracotta":18,"minecraft:feather":4,"minecraft:cobblestone":65,"magistuarmory:rustednorman_helmet":1,"minecraft:stick":20,"minecraft:dirt":1,"minecraft:gray_wool":1,"minecraft:white_wool":3,"minecraft:spruce_sapling":36,"minecraft:smooth_basalt":20,"minecraft:bone":20,"minecraft:gravel":4,"minecraft:moss_carpet":1,"minecraft:sugar_cane":8,"minecraft:stone_sword":1,"minecraft:rotten_flesh":5,"soulsweapons:sting":1,"minecraft:oak_planks":2,"minecraft:andesite":5,"minecraft:azalea":1,"artifacts:pocket_piston":1,"minecraft:stone_pickaxe":1,"minecraft:red_sand":3,"minecraft:magma_block":1},"minecraft:broken":{"minecraft:iron_boots":1,"minecraft:iron_chestplate":1,"minecraft:iron_leggings":1,"minecraft:stone_pickaxe":1,"minecraft:shield":2,"minecraft:iron_helmet":1}},"DataVersion":3465}