{"stats":{"minecraft:broken":{"minecraft:iron_boots":1,"minecraft:iron_chestplate":2,"minecraft:iron_leggings":1,"minecraft:stone_pickaxe":1,"minecraft:shield":2,"minecraft:iron_helmet":2},"minecraft:dropped":{"soulsweapons:bluemoon_shortsword":1,"minecraft:brown_mushroom":1,"minecraft:birch_planks":21,"minecraft:cooked_beef":2,"minecraft:loom":1,"minecraft:spore_blossom":1,"minecraft:cooked_porkchop":4,"magistuarmory:rustednorman_helmet":1,"minecraft:cod":3,"minecraft:dirt":1,"minecraft:bone_meal":6,"minecraft:white_wool":3,"minecraft:bone":20,"minecraft:gravel":4,"minecraft:sugar_cane":8,"minecraft:rotten_flesh":5,"minecraft:oak_planks":2,"minecraft:azalea":1,"minecraft:water_bucket":1,"minecraft:enchanted_book":2,"minecraft:iron_ingot":14,"morebows:diamond_bow":2,"minecraft:mossy_cobblestone":1,"minecraft:feather":4,"minecraft:yellow_terracotta":18,"minecraft:cobblestone":96,"minecraft:tropical_fish":14,"minecraft:stick":20,"minecraft:gray_wool":1,"minecraft:ink_sac":3,"minecraft:tripwire_hook":1,"minecraft:spruce_sapling":36,"minecraft:smooth_basalt":20,"simplyswords:toxic_longsword":1,"minecraft:moss_carpet":5,"minecraft:stone_sword":1,"soulsweapons:sting":1,"minecraft:diamond_pickaxe":1,"minecraft:andesite":5,"artifacts:pocket_piston":1,"minecraft:red_sand":3,"minecraft:stone_pickaxe":1,"minecraft:magma_block":1},"minecraft:killed_by":{"minecraft:drowned":1,"minecraft:zombie":7,"minecraft:player":1,"minecraft:spider":2},"minecraft:custom":{"minecraft:interact_with_crafting_table":108,"minecraft:open_barrel":47,"minecraft:eat_cake_slice":3,"minecraft:leave_game":7,"minecraft:time_since_death":69283,"minecraft:sprint_one_cm":891914,"minecraft:damage_blocked_by_shield":4143,"minecraft:drop":53,"minecraft:talked_to_villager":1,"minecraft:play_time":534391,"minecraft:deaths":29,"minecraft:jump":3988,"minecraft:walk_on_water_one_cm":114032,"minecraft:enchant_item":19,"minecraft:interact_with_furnace":105,"minecraft:sleep_in_bed":22,"minecraft:damage_dealt":14683,"minecraft:crouch_one_cm":4106,"minecraft:interact_with_smoker":14,"minecraft:interact_with_smithing_table":6,"minecraft:interact_with_anvil":27,"minecraft:mob_kills":127,"minecraft:interact_with_campfire":11,"minecraft:damage_dealt_resisted":90,"minecraft:climb_one_cm":10877,"minecraft:walk_one_cm":1335213,"minecraft:sneak_time":9322,"minecraft:walk_under_water_one_cm":93566,"minecraft:boat_one_cm":511139,"minecraft:interact_with_blast_furnace":30,"minecraft:total_world_time":534391,"minecraft:interact_with_grindstone":1,"minecraft:time_since_rest":69432,"minecraft:damage_taken":13077,"minecraft:damage_absorbed":4338,"minecraft:swim_one_cm":59841,"minecraft:fly_one_cm":1019760,"minecraft:open_chest":301,"minecraft:fall_one_cm":72554},"minecraft:killed":{"graveyard:skeleton_creeper":1,"minecraft:spider":1,"graveyard:wraith":12,"minecraft:skeleton":11,"minecraft:chicken":10,"artifacts:mimic":3,"minecraft:pig":13,"minecraft:zombie_villager":1,"minecraft:salmon":2,"minecraft:creeper":4,"minecraft:sheep":7,"minecraft:zombie":31,"minecraft:glow_squid":1,"graveyard:corrupted_pillager":2,"minecraft:cow":12,"graveyard:corrupted_vindicator":1,"minecraft:bat":1,"minecraft:squid":3},"minecraft:picked_up":{"minecraft:iron_chestplate":1,"minecraft:smithing_table":1,"soulsweapons:moonstone":4,"minecraft:enchanted_book":3,"artifacts:mimic_spawn_egg":1,"minecraft:string":72,"minecraft:raw_copper":22,"minecraft:iron_leggings":1,"minecraft:armor_stand":1,"minecraft:deepslate_tiles":3,"minecraft:red_sand":8,"minecraft:cobbled_deepslate":68,"minecraft:spruce_planks":3,"minecraft:calcite":78,"minecraft:azalea":4,"minecraft:furnace":2,"minecraft:stick":25,"minecraft:big_dripleaf":5,"minecraft:polished_deepslate_stairs":1,"minecraft:oak_fence":10,"minecraft:porkchop":14,"minecraft:pointed_dripstone":2,"minecraft:zombie_spawn_egg":2,"minecraft:rotten_flesh":56,"minecraft:obsidian":10,"minecraft:iron_bars":1,"morebows:diamond_bow":2,"minecraft:cobblestone":296,"minecraft:birch_log":10,"minecraft:magma_block":1,"minecraft:leather_chestplate":1,"minecraft:cooked_beef":5,"minecraft:feather":7,"minecraft:lilac":1,"minecraft:water_bucket":1,"minecraft:andesite":6,"minecraft:flint":1,"minecraft:tuff":1,"artifacts:flame_pendant":2,"minecraft:dirt":15,"minecraft:lapis_lazuli":74,"minecraft:leather_boots":1,"minecraft:bone":14,"minecraft:wheat_seeds":3,"minecraft:raw_gold":8,"minecraft:cobbled_deepslate_slab":2,"minecraft:moss_block":9,"minecraft:oak_planks":5,"minecraft:sheep_spawn_egg":1,"minecraft:cooked_porkchop":19,"simplyswords:toxic_longsword":1,"minecraft:ink_sac":3,"minecraft:loom":1,"minecraft:grass_block":1,"minecraft:cyan_bed":1,"minecraft:mossy_cobblestone":1,"scout:tanned_leather":13,"minecraft:diamond":46,"minecraft:spruce_boat":6,"artifacts:crystal_heart":1,"soulsweapons:verglas":1,"minecraft:diamond_pickaxe":2,"minecraft:coarse_dirt":3,"minecraft:chicken":9,"minecraft:ladder":1,"minecraft:clay_ball":8,"minecraft:leather_leggings":1,"minecraft:brown_mushroom":1,"minecraft:shield":1,"minecraft:moss_carpet":7,"soulsweapons:sting":1,"graveyard:soul_fire_brazier":1,"minecraft:blackstone":35,"graveyard:corruption":15,"minecraft:beef":19,"fleshz:hide":11,"minecraft:sugar_cane":32,"minecraft:egg":3,"minecraft:raw_iron":16,"minecraft:copper_ingot":2,"minecraft:squid_spawn_egg":1,"minecraft:carrot":1,"minecraft:redstone":45,"minecraft:arrow":3,"ribbits:swamp_lantern":1,"minecraft:diamond_boots":1,"minecraft:yellow_terracotta":18,"minecraft:cracked_deepslate_bricks":1,"artifacts:cross_necklace":1,"artifacts:pocket_piston":1,"minecraft:mutton":8,"minecraft:glow_berries":1,"minecraft:skeleton_skull":1,"graveyard:wraith_spawn_egg":1,"minecraft:white_wool":5,"minecraft:cracked_deepslate_tiles":2,"minecraft:glow_ink_sac":2,"minecraft:tripwire_hook":2,"minecraft:leather":34,"minecraft:oak_log":6,"minecraft:yellow_bed":1,"minecraft:gunpowder":2,"minecraft:blue_bed":1,"minecraft:cooked_mutton":3,"minecraft:spore_blossom":2,"artifacts:whoopee_cushion":1,"artifacts:kitty_slippers":1,"minecraft:gray_bed":2,"minecraft:flowering_azalea":3,"minecraft:book":42,"soulsweapons:bluemoon_shortsword":1,"minecraft:smooth_basalt":22,"minecraft:pumpkin":9,"minecraft:gravel":16,"magistuarmory:rustednorman_helmet":1,"minecraft:spruce_sapling":36,"minecraft:blast_furnace":1,"minecraft:spruce_log":118,"minecraft:white_bed":4,"magistuarmory:rustedchainmail_leggings":1,"artifacts:scarf_of_invisibility":1,"fleshz:prepared_hide":1,"minecraft:purple_bed":2,"magistuarmory:diamond_concavehalberd":1,"minecraft:gray_wool":1,"minecraft:coal":58},"minecraft:mined":{"minerally:deepslate_gold_pile_0":1,"minerally:deepslate_gold_pile_1":1,"minecraft:white_bed":3,"minerally:deepslate_diamond_crystal_0":1,"minerally:copper_rock":3,"minecraft:obsidian":10,"minecraft:cave_vines_plant":10,"minecraft:red_sand":9,"minecraft:grass_block":4,"minecraft:deepslate_bricks":1,"minecraft:frosted_ice":4,"minecraft:magma_block":3,"minecraft:iron_ore":22,"minecraft:cobbled_deepslate":5,"minerally:coal_rock":1,"minecraft:pumpkin":9,"minecraft:moss_carpet":2,"minecraft:deepslate_lapis_ore":5,"minerally:iron_pile_1":1,"minecraft:cave_vines":11,"minerally:deepslate_coal_pile_0":1,"minecraft:iron_bars":2,"minecraft:deepslate_brick_stairs":1,"minerally:deepslate_diamond_crystal_1":1,"minecraft:azalea":4,"minecraft:deepslate_redstone_ore":9,"minecraft:brown_mushroom":1,"minecraft:blackstone":43,"minecraft:clay":7,"minecraft:blast_furnace":1,"minecraft:calcite":90,"minerally:deepslate_coal_pile_1":1,"minecraft:cobblestone":3,"minecraft:cyan_bed":1,"minecraft:sugar_cane":23,"minecraft:oak_planks":3,"minecraft:wall_torch":1,"minecraft:birch_log":10,"minecraft:lilac":1,"minecraft:grass":34,"minecraft:cracked_deepslate_tiles":1,"graveyard:creeper_skeleton":1,"minecraft:loom":1,"minecraft:dirt":13,"minecraft:smooth_basalt":22,"minecraft:tripwire_hook":1,"minecraft:deepslate":96,"soulsweapons:verglas_ore":1,"minecraft:yellow_terracotta":18,"minecraft:deepslate_tiles":3,"minecraft:tuff":2,"minecraft:mossy_cobblestone":2,"minecraft:deepslate_diamond_ore":12,"minecraft:ladder":1,"minecraft:cobbled_deepslate_slab":1,"minecraft:glow_lichen":3,"graveyard:tg_deepslate":4,"minecraft:spruce_leaves":1,"minecraft:moss_block":13,"minecraft:spore_blossom":1,"graveyard:soul_fire_brazier":1,"minerally:deepslate_diamond_crystal":1,"minecraft:redstone_ore":1,"minecraft:furnace":2,"minecraft:andesite":62,"minecraft:big_dripleaf_stem":1,"soulsweapons:moonstone_ore_deepslate":4,"minecraft:bookshelf":15,"minerally:deepslate_gold_pile":1,"minecraft:deepslate_iron_ore":1,"minecraft:stone":343,"minecraft:smithing_table":1,"minecraft:flowering_azalea":3,"minecraft:cobbled_deepslate_wall":1,"ribbits:swamp_lantern":1,"minecraft:copper_ore":5,"minecraft:tall_grass":15,"minecraft:deepslate_coal_ore":4,"minecraft:lapis_ore":5,"minecraft:deepslate_gold_ore":5,"minecraft:cracked_deepslate_bricks":1,"minerally:lapis_rock":1,"minecraft:blue_bed":1,"minecraft:purple_bed":2,"minecraft:coarse_dirt":6,"graveyard:vase_block":1,"minecraft:ice":1,"minecraft:gray_bed":2,"minecraft:spruce_log":57,"minerally:deepslate_coal_pile":1,"minecraft:yellow_bed":1,"minecraft:coal_ore":50,"minecraft:gravel":13,"minecraft:cobweb":6,"minecraft:fern":2},"minecraft:used":{"minecraft:red_sand":4,"minecraft:ladder":1,"minecraft:shield":75,"minecraft:iron_sword":59,"minecraft:carrot":1,"artifacts:mimic_spawn_egg":1,"minecraft:obsidian":10,"minecraft:spruce_boat":8,"minecraft:lava_bucket":2,"minecraft:iron_helmet":1,"minecraft:furnace":2,"minecraft:gray_bed":1,"minecraft:egg":1,"minecraft:diamond_boots":3,"minecraft:stone_pickaxe":150,"minecraft:blackstone":35,"minecraft:wooden_pickaxe":18,"minecraft:blue_bed":1,"minecraft:sugar_cane":15,"minecraft:golden_apple":1,"soulsweapons:bluemoon_shortsword":162,"minecraft:blast_furnace":1,"minecraft:black_bed":1,"magistuarmory:diamond_concavehalberd":142,"minecraft:coarse_dirt":3,"soulsweapons:sting":1,"minecraft:oak_fence":10,"minecraft:stone_sword":53,"morebows:diamond_bow":139,"minecraft:cooked_chicken":15,"minecraft:torch":24,"soulsweapons:featherlight":1,"minecraft:bookshelf":3,"minecraft:smooth_basalt":1,"minecraft:diamond_chestplate":1,"minecraft:beef":5,"minecraft:cooked_beef":13,"minecraft:cobbled_deepslate":37,"minecraft:calcite":78,"minecraft:cooked_mutton":41,"minecraft:water_bucket":21,"minecraft:crafting_table":2,"graveyard:soul_fire_brazier":1,"minecraft:diamond_pickaxe":614,"minecraft:iron_pickaxe":180,"minecraft:stone_axe":14,"minecraft:cobblestone":60,"minecraft:purple_bed":1,"minecraft:cooked_porkchop":23,"minecraft:bucket":22,"minecraft:yellow_bed":1},"minecraft:crafted":{"minecraft:black_dye":27,"scout:satchel":1,"minecraft:cooked_chicken":9,"fleshz:rotten_leather":32,"minecraft:stone":3,"minecraft:bookshelf":3,"minecraft:cooked_mutton":8,"minecraft:diamond_helmet":1,"minecraft:diamond_leggings":1,"minecraft:bow":1,"minecraft:iron_boots":2,"magistuarmory:diamond_concavehalberd":1,"magistuarmory:pole":1,"soulsweapons:bluemoon_greatsword":1,"minecraft:cooked_porkchop":11,"minecraft:crafting_table":3,"minecraft:spruce_planks":484,"minecraft:wooden_pickaxe":1,"minecraft:iron_helmet":2,"minecraft:copper_ingot":20,"magistuarmory:wood_roundshield":1,"minecraft:birch_planks":40,"scout:pouch":2,"minecraft:iron_chestplate":1,"minecraft:paper":6,"minecraft:diamond_pickaxe":1,"minecraft:shield":1,"minecraft:stick":36,"minecraft:iron_ingot":55,"minecraft:iron_pickaxe":2,"minecraft:iron_block":6,"minecraft:stone_sword":1,"minecraft:gold_ingot":37,"minecraft:black_bed":1,"morebows:diamond_bow":1,"scout:satchel_strap":2,"magistuarmory:leather_strip":6,"minecraft:wooden_sword":1,"soulsweapons:guts_sword":1,"magistuarmory:diamond_heavywarhammer":1,"minecraft:furnace":1,"minecraft:stone_button":6,"soulsweapons:featherlight":2,"magistuarmory:hilt":3,"scout:upgraded_pouch":2,"magistuarmory:steel_ingot":1,"minecraft:stone_pickaxe":2,"minecraft:diamond_boots":1,"minecraft:spruce_boat":2,"minecraft:cooked_beef":12,"magistuarmory:diamond_rondache":1,"soulsweapons:bluemoon_shortsword":1,"minecraft:iron_sword":1,"minecraft:bucket":4,"minecraft:stone_axe":1,"minecraft:air":0,"torchesntrinkets:torch_belt":1,"minecraft:iron_leggings":1,"scout:upgraded_satchel":1,"minecraft:torch":60,"minecraft:diamond_chestplate":1}},"DataVersion":3465}