{"stats":{"minecraft:broken":{"minecraft:iron_boots":1,"minecraft:iron_chestplate":2,"minecraft:iron_leggings":1,"minecraft:stone_pickaxe":1,"minecraft:shield":2,"minecraft:iron_helmet":2},"minecraft:dropped":{"soulsweapons:bluemoon_shortsword":1,"minecraft:candle":2,"minecraft:brown_mushroom":1,"minecraft:birch_planks":21,"minecraft:cooked_beef":2,"minecraft:glow_ink_sac":2,"minecraft:loom":1,"minecraft:spore_blossom":1,"minecraft:cooked_porkchop":4,"magistuarmory:rustednorman_helmet":1,"graveyard:corruption":21,"minecraft:cod":3,"minecraft:dirt":1,"minecraft:bone_meal":6,"minecraft:phantom_membrane":7,"minecraft:white_wool":3,"minecraft:bone":20,"minecraft:gravel":12,"minecraft:sugar_cane":18,"minecraft:cobbled_deepslate":64,"fleshz:hide":6,"minecraft:rotten_flesh":7,"minecraft:oak_planks":2,"minecraft:azalea":5,"minecraft:iron_bars":2,"minecraft:iron_ingot":14,"minecraft:enchanted_book":2,"minecraft:water_bucket":1,"morebows:diamond_bow":2,"minecraft:wheat_seeds":17,"minecraft:mossy_cobblestone":1,"minecraft:feather":8,"minecraft:yellow_terracotta":18,"minecraft:cobblestone":110,"minecraft:copper_ingot":17,"minecraft:tropical_fish":14,"minecraft:stick":20,"minecraft:cobweb":16,"minecraft:gray_wool":1,"minecraft:ink_sac":3,"soulsweapons:guts_sword":1,"artifacts:obsidian_skull":1,"minecraft:flowering_azalea":3,"minecraft:string":3,"minecraft:tripwire_hook":3,"minecraft:spruce_sapling":36,"minecraft:smooth_basalt":32,"simplyswords:toxic_longsword":1,"minecraft:moss_carpet":14,"minecraft:stone_sword":1,"soulsweapons:sting":1,"minecraft:clay_ball":4,"minecraft:polished_deepslate_stairs":1,"minecraft:diamond_pickaxe":1,"minecraft:andesite":5,"artifacts:pocket_piston":1,"minecraft:red_sand":3,"minecraft:stone_pickaxe":1,"minecraft:calcite":5,"minecraft:magma_block":1},"minecraft:killed_by":{"minecraft:drowned":1,"minecraft:zombie":7,"minecraft:player":1,"minecraft:spider":2},"minecraft:killed":{"graveyard:skeleton_creeper":1,"minecraft:spider":2,"aquamirae:tortured_soul":3,"graveyard:wraith":12,"minecraft:skeleton":19,"minecraft:chicken":11,"artifacts:mimic":3,"minecraft:pig":13,"minecraft:zombie_villager":1,"minecraft:salmon":2,"minecraft:creeper":6,"minecraft:sheep":7,"minecraft:pillager":4,"minecraft:zombie":45,"minecraft:glow_squid":1,"graveyard:corrupted_pillager":2,"minecraft:cow":12,"graveyard:corrupted_vindicator":1,"minecraft:vindicator":5,"minecraft:phantom":3,"aquamirae:maw":2,"graveyard:ghoul":1,"minecraft:bat":1,"minecraft:squid":3,"minecraft:polar_bear":1,"minecraft:enderman":1,"mobcatalog:crab":1},"minecraft:custom":{"minecraft:animals_bred":1,"minecraft:interact_with_crafting_table":123,"minecraft:open_barrel":81,"minecraft:eat_cake_slice":3,"minecraft:leave_game":10,"minecraft:time_since_death":44996,"minecraft:sprint_one_cm":1126955,"minecraft:damage_blocked_by_shield":4930,"minecraft:drop":86,"minecraft:talked_to_villager":24,"minecraft:play_time":793444,"minecraft:deaths":31,"minecraft:jump":5077,"minecraft:walk_on_water_one_cm":147401,"minecraft:enchant_item":44,"minecraft:interact_with_furnace":168,"minecraft:traded_with_villager":1,"minecraft:interact_with_cartography_table":2,"minecraft:interact_with_loom":1,"minecraft:sleep_in_bed":24,"minecraft:damage_dealt":20532,"minecraft:crouch_one_cm":5333,"minecraft:interact_with_smoker":14,"minecraft:use_cauldron":2,"minecraft:interact_with_smithing_table":6,"minecraft:interact_with_anvil":53,"minecraft:mob_kills":190,"minecraft:fill_cauldron":2,"minecraft:interact_with_campfire":11,"minecraft:damage_dealt_resisted":90,"minecraft:climb_one_cm":12052,"minecraft:walk_one_cm":1841052,"minecraft:sneak_time":17062,"minecraft:walk_under_water_one_cm":154295,"minecraft:boat_one_cm":970776,"minecraft:interact_with_lectern":1,"minecraft:interact_with_blast_furnace":96,"minecraft:total_world_time":793444,"minecraft:interact_with_grindstone":1,"minecraft:time_since_rest":45160,"minecraft:damage_taken":16448,"minecraft:damage_absorbed":4611,"minecraft:swim_one_cm":74927,"minecraft:fly_one_cm":1535714,"minecraft:open_chest":513,"minecraft:fish_caught":16,"minecraft:fall_one_cm":95540},"minecraft:picked_up":{"minecraft:iron_chestplate":1,"minecraft:smithing_table":1,"soulsweapons:moonstone":12,"minecraft:enchanted_book":3,"minecraft:potion":1,"artifacts:mimic_spawn_egg":1,"minecraft:string":72,"minecraft:raw_copper":22,"minecraft:iron_leggings":1,"minecraft:armor_stand":1,"minecraft:pufferfish":1,"minecraft:deepslate_tiles":3,"minecraft:red_sand":8,"minecraft:cobbled_deepslate":304,"bosses_of_mass_destruction:soul_star":1,"minecraft:spruce_planks":5,"minecraft:calcite":83,"minecraft:azalea":8,"hangglider:hang_glider":1,"minecraft:furnace":2,"minecraft:stick":25,"minecraft:big_dripleaf":5,"minecraft:oak_fence":10,"minecraft:polished_deepslate_stairs":1,"minecraft:porkchop":14,"minecraft:pointed_dripstone":2,"minecraft:zombie_spawn_egg":2,"minecraft:phantom_spawn_egg":1,"minecraft:rotten_flesh":76,"minecraft:cod":12,"minecraft:obsidian":10,"minecraft:iron_bars":6,"morebows:diamond_bow":2,"minecraft:cobblestone":349,"minecraft:birch_log":10,"minecraft:magma_block":1,"minecraft:leather_chestplate":1,"minecraft:cooked_beef":5,"minecraft:feather":11,"minecraft:lilac":1,"minecraft:water_bucket":1,"minecraft:andesite":6,"minecraft:flint":2,"minecraft:tuff":65,"artifacts:flame_pendant":2,"minecraft:lapis_lazuli":250,"minecraft:dirt":17,"aquamirae:fin":3,"minecraft:leather_boots":2,"minecraft:bone":30,"minecraft:bow":1,"minecraft:wheat_seeds":55,"minecraft:raw_gold":34,"minecraft:cobbled_deepslate_slab":2,"minecraft:bamboo":28,"minecraft:moss_block":12,"minecraft:oak_planks":5,"minecraft:sheep_spawn_egg":1,"minecraft:cooked_porkchop":19,"simplyswords:toxic_longsword":1,"mobcatalog:cooked_crab_leg":5,"minecraft:ink_sac":3,"minecraft:grass_block":1,"minecraft:loom":1,"minecraft:cyan_bed":1,"minecraft:mossy_cobblestone":1,"scout:tanned_leather":13,"minecraft:diamond":67,"minecraft:spruce_boat":12,"artifacts:crystal_heart":1,"soulsweapons:verglas":2,"minecraft:emerald":14,"soulsweapons:guts_sword":1,"minecraft:oak_sapling":1,"minecraft:fishing_rod":2,"minecraft:diamond_pickaxe":4,"minecraft:coarse_dirt":3,"minecraft:crafting_table":1,"minecraft:chicken":12,"minecraft:ladder":1,"minecraft:clay_ball":88,"minecraft:leather_leggings":1,"minecraft:brown_mushroom":1,"minecraft:spider_spawn_egg":1,"minecraft:shield":1,"minecraft:iron_axe":1,"minecraft:moss_carpet":16,"minecraft:item_frame":7,"soulsweapons:sting":1,"graveyard:soul_fire_brazier":1,"minecraft:blackstone":35,"graveyard:corruption":15,"minecraft:beef":19,"fleshz:hide":11,"minecraft:player_head":4,"minecraft:sugar_cane":42,"minecraft:phantom_membrane":7,"minecraft:egg":3,"minecraft:raw_iron":148,"minecraft:squid_spawn_egg":1,"minecraft:copper_ingot":2,"aquamirae:shell_horn":1,"minecraft:carrot":1,"minecraft:redstone":62,"minecraft:cooked_cod":2,"minecraft:arrow":28,"ribbits:swamp_lantern":1,"minecraft:diamond_boots":1,"minecraft:hay_block":9,"minecraft:cracked_deepslate_bricks":1,"artifacts:cross_necklace":1,"minecraft:yellow_terracotta":18,"minecraft:saddle":2,"artifacts:pocket_piston":2,"minecraft:glow_berries":1,"minecraft:mutton":8,"graveyard:wraith_spawn_egg":1,"minecraft:skeleton_skull":1,"minecraft:white_wool":5,"minecraft:cracked_deepslate_tiles":2,"minecraft:glow_ink_sac":2,"minecraft:tripwire_hook":4,"minecraft:salmon":3,"minecraft:leather":34,"minecraft:oak_log":6,"minecraft:lily_pad":1,"minecraft:yellow_bed":1,"minecraft:gunpowder":3,"minecraft:blue_bed":1,"minecraft:white_banner":2,"minecraft:spawner":1,"minecraft:cooked_mutton":3,"minecraft:spore_blossom":2,"artifacts:whoopee_cushion":1,"artifacts:kitty_slippers":1,"minecraft:gray_bed":2,"minecraft:flowering_azalea":6,"minecraft:book":42,"soulsweapons:bluemoon_shortsword":1,"artifacts:obsidian_skull":1,"minecraft:smooth_basalt":46,"minecraft:pumpkin":9,"minecraft:sweet_berries":2,"minecraft:gravel":19,"magistuarmory:rustednorman_helmet":1,"minecraft:spruce_sapling":36,"minecraft:red_banner":1,"minecraft:blast_furnace":1,"minecraft:white_bed":4,"minecraft:spruce_log":118,"magistuarmory:rustedchainmail_leggings":1,"artifacts:scarf_of_invisibility":1,"fleshz:prepared_hide":1,"minecraft:purple_bed":2,"magistuarmory:diamond_concavehalberd":1,"minecraft:gray_wool":3,"minecraft:coal":123,"minecraft:ender_pearl":3},"minecraft:mined":{"minerally:deepslate_gold_pile_0":1,"minerally:deepslate_gold_pile_1":1,"minecraft:spruce_planks":2,"minecraft:white_bed":3,"minerally:deepslate_diamond_crystal_0":1,"minerally:copper_rock":3,"minecraft:obsidian":10,"minecraft:cave_vines_plant":11,"minecraft:red_sand":9,"minecraft:grass_block":4,"minecraft:deepslate_bricks":1,"minecraft:frosted_ice":4,"minecraft:magma_block":3,"minecraft:iron_ore":61,"minecraft:cobbled_deepslate":8,"minerally:coal_rock":1,"minecraft:pumpkin":9,"minecraft:moss_carpet":2,"minecraft:deepslate_lapis_ore":6,"minerally:iron_pile_1":1,"minecraft:cave_vines":12,"minerally:deepslate_coal_pile_0":2,"minecraft:iron_bars":10,"minecraft:deepslate_brick_stairs":1,"minerally:deepslate_diamond_crystal_1":1,"minecraft:azalea":6,"minecraft:white_banner":1,"minecraft:player_head":3,"minecraft:deepslate_redstone_ore":9,"minecraft:brown_mushroom":1,"minecraft:blackstone":43,"soulsweapons:verglas_ore_deepslate":1,"minecraft:clay":29,"minecraft:blast_furnace":1,"minecraft:calcite":97,"minerally:deepslate_coal_pile_1":2,"minecraft:cobblestone":21,"minerally:lapis_pile":1,"minecraft:cyan_bed":1,"minecraft:sugar_cane":32,"minecraft:oak_planks":3,"minecraft:wall_torch":1,"minecraft:birch_log":10,"minecraft:lilac":1,"minecraft:grass":316,"minecraft:cracked_deepslate_tiles":1,"graveyard:creeper_skeleton":1,"minecraft:loom":1,"minecraft:dirt":15,"minecraft:smooth_basalt":34,"minecraft:tripwire_hook":2,"minecraft:oak_leaves":2,"minecraft:deepslate":508,"soulsweapons:verglas_ore":1,"minecraft:yellow_terracotta":18,"minecraft:deepslate_tiles":3,"minecraft:tuff":76,"minecraft:mossy_cobblestone":2,"minecraft:deepslate_diamond_ore":24,"minecraft:glow_lichen":4,"minecraft:ladder":1,"minecraft:cobbled_deepslate_slab":1,"graveyard:tg_deepslate":4,"minerally:lapis_pile_1":1,"minecraft:spruce_leaves":1,"minecraft:moss_block":29,"minecraft:large_fern":1,"minecraft:hay_block":9,"minecraft:spore_blossom":1,"graveyard:soul_fire_brazier":1,"minecraft:redstone_ore":3,"minerally:redstone_pile_0":1,"minerally:deepslate_diamond_crystal":1,"minecraft:furnace":2,"minerally:redstone_pile_1":1,"minecraft:andesite":62,"minecraft:big_dripleaf_stem":1,"soulsweapons:moonstone_ore_deepslate":7,"minecraft:bookshelf":15,"minecraft:vine":1,"minecraft:deepslate_iron_ore":22,"minerally:deepslate_gold_pile":1,"minecraft:packed_ice":23,"minecraft:bamboo":59,"minecraft:stone":477,"minecraft:smithing_table":1,"minecraft:flowering_azalea":6,"minecraft:crafting_table":1,"minecraft:cobbled_deepslate_wall":1,"minerally:redstone_pile":1,"ribbits:swamp_lantern":1,"minecraft:copper_ore":5,"minecraft:tall_grass":20,"minecraft:deepslate_coal_ore":4,"minecraft:deepslate_gold_ore":18,"minecraft:lapis_ore":13,"minecraft:cracked_deepslate_bricks":1,"minerally:lapis_rock":1,"minecraft:blue_bed":1,"minecraft:gray_wool":2,"minecraft:black_stained_glass":1,"minecraft:purple_bed":2,"minerally:gold_rock":1,"minecraft:coarse_dirt":6,"graveyard:vase_block":1,"minecraft:ice":9,"minecraft:gray_bed":2,"minecraft:spruce_log":57,"minerally:deepslate_coal_pile":2,"minecraft:yellow_bed":1,"minecraft:red_wall_banner":1,"minecraft:coal_ore":82,"minerally:lapis_pile_0":1,"minecraft:gravel":14,"minecraft:cobweb":6,"minecraft:gold_ore":2,"minecraft:fern":81},"minecraft:crafted":{"minecraft:black_dye":27,"scout:satchel":1,"fleshz:rotten_leather":32,"minecraft:cooked_chicken":12,"minecraft:stone":3,"minecraft:bookshelf":3,"minecraft:cooked_mutton":8,"minecraft:iron_bars":32,"minecraft:diamond_helmet":1,"minecraft:bow":2,"minecraft:diamond_leggings":1,"minecraft:iron_boots":2,"magistuarmory:diamond_concavehalberd":1,"magistuarmory:pole":1,"soulsweapons:bluemoon_greatsword":1,"minecraft:cooked_porkchop":11,"minecraft:crafting_table":3,"minecraft:spruce_planks":484,"minecraft:wooden_pickaxe":1,"minecraft:iron_helmet":2,"magistuarmory:wood_roundshield":1,"minecraft:copper_ingot":195,"minecraft:birch_planks":40,"scout:pouch":2,"minecraft:iron_chestplate":1,"minecraft:paper":6,"minecraft:diamond_pickaxe":1,"minecraft:shield":1,"minecraft:stick":40,"minecraft:iron_ingot":320,"minecraft:iron_pickaxe":2,"minecraft:iron_block":6,"minecraft:stone_sword":1,"minecraft:gold_ingot":155,"minecraft:black_bed":1,"morebows:diamond_bow":2,"scout:satchel_strap":2,"magistuarmory:leather_strip":6,"minecraft:wooden_sword":1,"soulsweapons:guts_sword":1,"magistuarmory:diamond_heavywarhammer":1,"minecraft:stone_button":6,"minecraft:furnace":1,"soulsweapons:featherlight":2,"magistuarmory:hilt":3,"scout:upgraded_pouch":2,"magistuarmory:steel_ingot":1,"minecraft:stone_pickaxe":2,"minecraft:diamond_boots":1,"minecraft:spruce_boat":3,"minecraft:wheat":81,"minecraft:cooked_beef":12,"magistuarmory:diamond_rondache":1,"soulsweapons:bluemoon_shortsword":1,"minecraft:iron_sword":1,"minecraft:bucket":4,"minecraft:stone_axe":1,"minecraft:enchanted_book":1,"minecraft:bread":27,"minecraft:air":0,"torchesntrinkets:torch_belt":1,"minecraft:iron_leggings":1,"scout:upgraded_satchel":1,"minecraft:torch":60,"minecraft:diamond_chestplate":1},"minecraft:used":{"minecraft:moss_block":3,"minecraft:red_sand":4,"minecraft:ladder":1,"minecraft:shield":75,"minecraft:iron_sword":59,"minecraft:player_head":1,"simplyswords:gold_katana":3,"minecraft:carrot":1,"artifacts:mimic_spawn_egg":1,"minecraft:obsidian":10,"minecraft:spruce_boat":14,"minecraft:lava_bucket":4,"minecraft:iron_helmet":1,"minecraft:furnace":2,"minecraft:gray_bed":1,"minecraft:egg":1,"minecraft:diamond_boots":4,"minecraft:stone_pickaxe":150,"minecraft:blackstone":35,"minecraft:wooden_pickaxe":18,"minecraft:sugar_cane":15,"minecraft:blue_bed":1,"minecraft:golden_apple":2,"soulsweapons:bluemoon_shortsword":162,"minecraft:blast_furnace":1,"minecraft:black_bed":1,"minecraft:bread":45,"magistuarmory:diamond_concavehalberd":205,"minecraft:coarse_dirt":3,"soulsweapons:sting":1,"minecraft:oak_fence":10,"minecraft:iron_bars":29,"minecraft:stone_sword":53,"minecraft:armor_stand":1,"morebows:diamond_bow":278,"minecraft:spruce_planks":2,"minecraft:cooked_chicken":15,"minecraft:torch":34,"soulsweapons:featherlight":1,"minecraft:bookshelf":3,"minecraft:spawner":1,"soulsweapons:guts_sword":116,"minecraft:smooth_basalt":1,"minecraft:diamond_chestplate":2,"minecraft:beef":5,"minecraft:cooked_beef":15,"minecraft:cobbled_deepslate":49,"minecraft:calcite":78,"minecraft:cooked_mutton":41,"minecraft:water_bucket":38,"minecraft:crafting_table":3,"graveyard:soul_fire_brazier":1,"minecraft:diamond_pickaxe":1535,"minecraft:apple":1,"minecraft:iron_pickaxe":180,"minecraft:stone_axe":14,"minecraft:fishing_rod":37,"minecraft:potion":1,"minecraft:cobblestone":60,"minecraft:purple_bed":1,"minecraft:cooked_porkchop":26,"minecraft:bucket":40,"minecraft:yellow_bed":1,"minecraft:diamond_leggings":1}},"DataVersion":3465}