{"stats":{"minecraft:used":{"soulsweapons:sting":1,"minecraft:red_sand":4,"minecraft:stone_sword":53,"minecraft:shield":75,"minecraft:iron_sword":59,"minecraft:torch":16,"minecraft:spruce_boat":8,"minecraft:bookshelf":3,"minecraft:beef":5,"minecraft:furnace":1,"minecraft:gray_bed":1,"minecraft:egg":1,"minecraft:cooked_beef":5,"minecraft:cobbled_deepslate":37,"minecraft:calcite":78,"minecraft:cooked_mutton":27,"minecraft:water_bucket":3,"minecraft:stone_pickaxe":150,"minecraft:blackstone":35,"minecraft:wooden_pickaxe":18,"minecraft:sugar_cane":15,"soulsweapons:bluemoon_shortsword":60,"minecraft:crafting_table":2,"minecraft:blast_furnace":1,"minecraft:diamond_pickaxe":468,"minecraft:iron_pickaxe":58,"minecraft:stone_axe":14,"minecraft:cobblestone":22,"minecraft:cooked_porkchop":6,"minecraft:bucket":5,"minecraft:coarse_dirt":3},"minecraft:killed":{"minecraft:skeleton":3,"minecraft:chicken":9,"artifacts:mimic":1,"minecraft:pig":7,"minecraft:salmon":1,"minecraft:squid":2,"minecraft:sheep":4,"minecraft:zombie":9,"minecraft:cow":11},"minecraft:picked_up":{"minecraft:iron_chestplate":1,"minecraft:coarse_dirt":3,"minecraft:chicken":9,"minecraft:clay_ball":8,"minecraft:smithing_table":1,"minecraft:brown_mushroom":1,"soulsweapons:moonstone":4,"minecraft:shield":1,"minecraft:moss_carpet":1,"minecraft:raw_copper":2,"minecraft:iron_leggings":1,"soulsweapons:sting":1,"minecraft:blackstone":35,"minecraft:red_sand":8,"minecraft:cobbled_deepslate":51,"minecraft:beef":16,"fleshz:hide":11,"minecraft:calcite":78,"minecraft:azalea":3,"minecraft:sugar_cane":31,"minecraft:furnace":1,"minecraft:egg":3,"minecraft:stick":19,"minecraft:raw_iron":14,"minecraft:porkchop":7,"minecraft:redstone":45,"minecraft:arrow":1,"minecraft:rotten_flesh":8,"minecraft:yellow_terracotta":18,"artifacts:pocket_piston":1,"minecraft:mutton":8,"minecraft:glow_berries":1,"minecraft:white_wool":3,"minecraft:cobblestone":141,"minecraft:birch_log":10,"minecraft:magma_block":1,"minecraft:cooked_beef":5,"minecraft:feather":6,"minecraft:lilac":1,"minecraft:andesite":6,"minecraft:tuff":1,"minecraft:oak_log":6,"artifacts:flame_pendant":1,"minecraft:lapis_lazuli":73,"minecraft:dirt":12,"minecraft:bone":4,"minecraft:raw_gold":6,"minecraft:spore_blossom":2,"minecraft:moss_block":9,"minecraft:gray_bed":1,"minecraft:oak_planks":5,"minecraft:flowering_azalea":1,"minecraft:smooth_basalt":20,"minecraft:cooked_porkchop":13,"minecraft:sheep_spawn_egg":1,"minecraft:pumpkin":9,"minecraft:gravel":6,"magistuarmory:rustednorman_helmet":1,"minecraft:spruce_sapling":36,"minecraft:blast_furnace":1,"minecraft:white_bed":2,"minecraft:spruce_log":57,"magistuarmory:rustedchainmail_leggings":1,"minecraft:mossy_cobblestone":1,"scout:tanned_leather":2,"minecraft:diamond":15,"minecraft:spruce_boat":6,"artifacts:crystal_heart":1,"minecraft:gray_wool":1,"soulsweapons:verglas":1,"minecraft:coal":21,"minecraft:diamond_pickaxe":1},"minecraft:custom":{"minecraft:interact_with_smithing_table":1,"minecraft:interact_with_anvil":1,"minecraft:mob_kills":48,"minecraft:interact_with_crafting_table":26,"minecraft:open_barrel":7,"minecraft:damage_dealt_resisted":90,"minecraft:leave_game":5,"minecraft:time_since_death":69452,"minecraft:climb_one_cm":354,"minecraft:sprint_one_cm":515777,"minecraft:walk_one_cm":628752,"minecraft:damage_blocked_by_shield":3554,"minecraft:drop":30,"minecraft:play_time":221514,"minecraft:deaths":24,"minecraft:sneak_time":1571,"minecraft:walk_under_water_one_cm":57925,"minecraft:boat_one_cm":511139,"minecraft:jump":2497,"minecraft:interact_with_blast_furnace":2,"minecraft:walk_on_water_one_cm":78531,"minecraft:total_world_time":221514,"minecraft:interact_with_furnace":49,"minecraft:sleep_in_bed":11,"minecraft:time_since_rest":13315,"minecraft:damage_taken":7664,"minecraft:damage_absorbed":3412,"minecraft:damage_dealt":5953,"minecraft:swim_one_cm":30266,"minecraft:fly_one_cm":601454,"minecraft:open_chest":63,"minecraft:crouch_one_cm":1965,"minecraft:interact_with_smoker":6,"minecraft:fall_one_cm":36913},"minecraft:killed_by":{"minecraft:player":1,"minecraft:spider":2,"minecraft:drowned":1,"minecraft:zombie":7},"minecraft:crafted":{"minecraft:wooden_sword":1,"minecraft:cooked_chicken":4,"minecraft:furnace":1,"minecraft:bookshelf":3,"minecraft:cooked_mutton":8,"minecraft:iron_boots":1,"minecraft:stone_pickaxe":2,"minecraft:spruce_boat":2,"minecraft:cooked_beef":5,"soulsweapons:bluemoon_shortsword":1,"minecraft:cooked_porkchop":3,"minecraft:crafting_table":2,"minecraft:spruce_planks":228,"minecraft:iron_helmet":1,"minecraft:wooden_pickaxe":1,"minecraft:iron_sword":1,"minecraft:bucket":2,"minecraft:birch_planks":40,"minecraft:stone_axe":1,"minecraft:paper":6,"minecraft:shield":1,"minecraft:stick":24,"minecraft:iron_ingot":41,"minecraft:iron_pickaxe":2,"minecraft:stone_sword":1,"minecraft:gold_ingot":6,"minecraft:torch":14},"minecraft:mined":{"minecraft:yellow_terracotta":18,"minerally:deepslate_gold_pile_0":1,"minerally:deepslate_gold_pile_1":1,"minecraft:tuff":2,"minecraft:white_bed":1,"minerally:deepslate_diamond_crystal_0":1,"minecraft:mossy_cobblestone":2,"minerally:copper_rock":2,"minecraft:deepslate_diamond_ore":12,"minecraft:cave_vines_plant":8,"minecraft:glow_lichen":3,"minecraft:red_sand":9,"minecraft:grass_block":3,"minecraft:spruce_leaves":1,"minecraft:moss_block":11,"minecraft:spore_blossom":1,"minecraft:redstone_ore":1,"minerally:deepslate_diamond_crystal":1,"minecraft:magma_block":1,"minecraft:furnace":1,"minecraft:iron_ore":20,"minecraft:cobbled_deepslate":3,"minecraft:andesite":62,"minerally:coal_rock":1,"minecraft:pumpkin":9,"minecraft:deepslate_lapis_ore":5,"soulsweapons:moonstone_ore_deepslate":4,"minerally:iron_pile_1":1,"minecraft:cave_vines":9,"minerally:deepslate_gold_pile":1,"minerally:deepslate_coal_pile_0":1,"minecraft:deepslate_iron_ore":1,"minerally:deepslate_diamond_crystal_1":1,"minecraft:azalea":2,"minecraft:stone":218,"minecraft:smithing_table":1,"minecraft:deepslate_redstone_ore":9,"minecraft:flowering_azalea":1,"minecraft:brown_mushroom":1,"minecraft:blackstone":39,"minecraft:clay":7,"minecraft:blast_furnace":1,"minecraft:calcite":90,"minerally:deepslate_coal_pile_1":1,"minecraft:tall_grass":7,"minecraft:cobblestone":2,"minecraft:deepslate_coal_ore":4,"minecraft:lapis_ore":5,"minecraft:deepslate_gold_ore":3,"minecraft:oak_planks":3,"minecraft:sugar_cane":22,"minecraft:wall_torch":1,"minecraft:coarse_dirt":6,"minecraft:birch_log":10,"minecraft:ice":1,"minecraft:lilac":1,"minecraft:gray_bed":1,"minecraft:spruce_log":57,"minerally:deepslate_coal_pile":1,"minecraft:grass":17,"minecraft:coal_ore":15,"minecraft:dirt":11,"minecraft:gravel":6,"minecraft:smooth_basalt":20,"minecraft:deepslate":84,"minecraft:fern":1,"soulsweapons:verglas_ore":1},"minecraft:dropped":{"minecraft:iron_ingot":14,"minecraft:brown_mushroom":1,"minecraft:birch_planks":21,"minecraft:mossy_cobblestone":1,"minecraft:spore_blossom":1,"minecraft:feather":4,"minecraft:yellow_terracotta":18,"magistuarmory:rustednorman_helmet":1,"minecraft:stick":20,"minecraft:dirt":1,"minecraft:gray_wool":1,"minecraft:white_wool":3,"minecraft:spruce_sapling":36,"minecraft:bone":20,"minecraft:smooth_basalt":20,"minecraft:gravel":4,"minecraft:moss_carpet":1,"minecraft:sugar_cane":8,"minecraft:stone_sword":1,"minecraft:rotten_flesh":5,"soulsweapons:sting":1,"minecraft:oak_planks":2,"minecraft:andesite":5,"artifacts:pocket_piston":1,"minecraft:red_sand":3,"minecraft:stone_pickaxe":1,"minecraft:magma_block":1},"minecraft:broken":{"minecraft:stone_pickaxe":1,"minecraft:shield":2}},"DataVersion":3465}