{"stats":{"minecraft:used":{"soulsweapons:sting":1,"minecraft:cooked_mutton":9,"minecraft:stone_sword":53,"minecraft:red_sand":4,"minecraft:stone_pickaxe":150,"minecraft:blackstone":35,"minecraft:shield":41,"minecraft:wooden_pickaxe":18,"minecraft:sugar_cane":15,"minecraft:crafting_table":1,"minecraft:spruce_boat":8,"minecraft:diamond_pickaxe":32,"minecraft:stone_axe":11,"minecraft:beef":5,"minecraft:cooked_porkchop":6,"minecraft:bucket":1,"minecraft:egg":1,"minecraft:coarse_dirt":3,"minecraft:calcite":78},"minecraft:killed":{"minecraft:pig":1,"minecraft:sheep":4,"minecraft:zombie":2,"minecraft:chicken":4,"minecraft:cow":7},"minecraft:custom":{"minecraft:interact_with_furnace":35,"minecraft:mob_kills":18,"minecraft:interact_with_crafting_table":19,"minecraft:open_barrel":3,"minecraft:leave_game":5,"minecraft:time_since_death":50557,"minecraft:sleep_in_bed":8,"minecraft:time_since_rest":9819,"minecraft:damage_absorbed":3373,"minecraft:sprint_one_cm":315440,"minecraft:damage_taken":6175,"minecraft:walk_one_cm":368948,"minecraft:damage_blocked_by_shield":1915,"minecraft:drop":26,"minecraft:damage_dealt":2256,"minecraft:swim_one_cm":8904,"minecraft:fly_one_cm":525153,"minecraft:open_chest":41,"minecraft:crouch_one_cm":359,"minecraft:play_time":149514,"minecraft:deaths":23,"minecraft:sneak_time":946,"minecraft:walk_under_water_one_cm":38832,"minecraft:boat_one_cm":511139,"minecraft:jump":1544,"minecraft:walk_on_water_one_cm":50909,"minecraft:total_world_time":149514,"minecraft:interact_with_smoker":4,"minecraft:fall_one_cm":24165},"minecraft:picked_up":{"minecraft:birch_log":10,"minecraft:coarse_dirt":3,"minecraft:iron_chestplate":1,"minecraft:magma_block":1,"minecraft:feather":4,"minecraft:chicken":4,"minecraft:brown_mushroom":1,"minecraft:oak_log":6,"minecraft:shield":1,"artifacts:flame_pendant":1,"minecraft:dirt":1,"minecraft:iron_leggings":1,"soulsweapons:sting":1,"minecraft:blackstone":35,"minecraft:red_sand":7,"minecraft:beef":12,"fleshz:hide":7,"minecraft:calcite":78,"minecraft:sugar_cane":31,"minecraft:oak_planks":2,"minecraft:egg":1,"minecraft:stick":19,"minecraft:smooth_basalt":20,"minecraft:sheep_spawn_egg":1,"minecraft:cooked_porkchop":6,"minecraft:gravel":4,"minecraft:porkchop":3,"magistuarmory:rustednorman_helmet":1,"minecraft:spruce_sapling":36,"minecraft:white_bed":1,"minecraft:spruce_log":57,"magistuarmory:rustedchainmail_leggings":1,"minecraft:mossy_cobblestone":1,"scout:tanned_leather":2,"minecraft:rotten_flesh":5,"minecraft:spruce_boat":6,"minecraft:yellow_terracotta":18,"minecraft:gray_wool":1,"artifacts:pocket_piston":1,"minecraft:mutton":8,"minecraft:coal":10,"minecraft:diamond_pickaxe":1,"minecraft:white_wool":3,"minecraft:cobblestone":25},"minecraft:killed_by":{"minecraft:player":1,"minecraft:spider":2,"minecraft:zombie":6,"minecraft:drowned":1},"minecraft:crafted":{"minecraft:cooked_beef":5,"minecraft:wooden_sword":1,"minecraft:cooked_porkchop":3,"minecraft:crafting_table":1,"minecraft:spruce_planks":228,"minecraft:wooden_pickaxe":1,"minecraft:cooked_chicken":4,"minecraft:iron_helmet":1,"minecraft:iron_sword":1,"minecraft:bucket":1,"minecraft:birch_planks":40,"minecraft:stone_axe":1,"minecraft:cooked_mutton":8,"minecraft:iron_boots":1,"minecraft:paper":6,"minecraft:shield":1,"minecraft:stick":20,"minecraft:iron_pickaxe":2,"minecraft:stone_pickaxe":2,"minecraft:stone_sword":1,"minecraft:spruce_boat":2,"minecraft:torch":14},"minecraft:mined":{"minecraft:yellow_terracotta":18,"minecraft:brown_mushroom":1,"minecraft:blackstone":39,"minecraft:mossy_cobblestone":2,"minecraft:red_sand":8,"minecraft:grass_block":1,"minecraft:calcite":79,"minecraft:cobblestone":2,"minecraft:sugar_cane":22,"minecraft:wall_torch":1,"minecraft:magma_block":1,"minecraft:coarse_dirt":3,"minecraft:birch_log":10,"minecraft:ice":1,"minecraft:spruce_log":57,"minecraft:grass":1,"minecraft:coal_ore":12,"minecraft:gravel":2,"minecraft:smooth_basalt":20,"minecraft:stone":24},"minecraft:dropped":{"minecraft:brown_mushroom":1,"minecraft:birch_planks":21,"minecraft:sugar_cane":8,"minecraft:stone_sword":1,"minecraft:mossy_cobblestone":1,"minecraft:yellow_terracotta":18,"minecraft:feather":4,"soulsweapons:sting":1,"minecraft:rotten_flesh":5,"minecraft:oak_planks":2,"magistuarmory:rustednorman_helmet":1,"minecraft:stick":20,"minecraft:dirt":1,"minecraft:gray_wool":1,"artifacts:pocket_piston":1,"minecraft:red_sand":3,"minecraft:stone_pickaxe":1,"minecraft:magma_block":1,"minecraft:smooth_basalt":20,"minecraft:white_wool":3,"minecraft:spruce_sapling":36,"minecraft:gravel":4,"minecraft:bone":17,"minecraft:iron_ingot":14},"minecraft:broken":{"minecraft:shield":1,"minecraft:stone_pickaxe":1}},"DataVersion":3465}