{"stats":{"minecraft:broken":{"minecraft:iron_boots":1,"minecraft:iron_chestplate":1,"minecraft:iron_leggings":1,"minecraft:iron_helmet":1},"minecraft:dropped":{"magicmirror:magic_mirror":1,"bosses_of_mass_destruction:charged_ender_pearl":1,"minecraft:moss_block":16,"soulsweapons:darkin_blade":3,"minecraft:wheat_seeds":8,"anim_guns:amr_classic":1,"minecraft:cooked_beef":10,"aquamirae:music_disc_forsaken_drownage":1,"minecraft:diamond":5,"minecraft:minecart":1,"minecraft:cobblestone":5,"bosses_of_mass_destruction:crystal_fruit":3,"magistuarmory:kastenbrust_leggings":1,"magistuarmory:diamond_chivalrylance":1,"minecraft:flint":1,"magistuarmory:longbow":1,"aquamirae:frozen_chest":1,"soulsweapons:guts_sword":1,"anim_guns:heavy_handgun_cartridge":128,"magistuarmory:kastenbrust_chestplate":1,"minecraft:snowball":111,"magistuarmory:steel_ingot":2,"torchesntrinkets:torch_belt":1,"minecraft:phantom_membrane":1,"minecraft:iron_axe":1,"anim_guns:shotgun_shell":64,"minecraft:white_wool":1,"aquamirae:music_disc_horizon":1,"morebows:frost_bow":1,"minecraft:moss_carpet":4,"torchesntrinkets:lantern_belt":3,"anim_guns:lmg_ammo_box":130,"minecraft:cobbled_deepslate":6,"anim_guns:heavy_rifle_cartridge":123,"simplyswords:gold_warglaive":2,"magistuarmory:grand_bascinet":1,"bosses_of_mass_destruction:void_thorn":2,"soulsweapons:moonstone":2,"minecraft:rotten_flesh":1,"magistuarmory:bear_decoration":1,"magistuarmory:kastenbrust_boots":1,"artifacts:helium_flamingo":1,"soulsweapons:crucible_sword":2,"minecraft:spider_eye":1,"artifacts:cross_necklace":1,"anim_guns:standard_rifle_cartridge":64,"minecraft:raw_gold":2,"anim_guns:lmg_minigun":4,"anim_guns:standard_handgun_cartridge":64},"minecraft:killed_by":{"bosses_of_mass_destruction:void_blossom":2},"minecraft:killed":{"minecraft:spider":1,"minecraft:slime":1,"minecraft:phantom":9,"minecraft:skeleton":1,"adventurez:blaze_guardian":1,"artifacts:mimic":1,"minecraft:magma_cube":10,"minecraft:piglin":1,"minecraft:pig":1,"minecraft:creeper":2,"minecraft:sheep":1,"minecraft:zombie":5,"minecraft:ghast":1,"minecraft:wither_skeleton":1,"minecraft:enderman":1,"minecraft:blaze":1},"minecraft:custom":{"minecraft:interact_with_smithing_table":1,"minecraft:mob_kills":39,"minecraft:open_barrel":4,"minecraft:damage_dealt_resisted":428,"minecraft:leave_game":12,"minecraft:time_since_death":18603,"minecraft:climb_one_cm":506,"minecraft:sprint_one_cm":116060,"minecraft:walk_one_cm":414323,"minecraft:drop":299,"minecraft:damage_dealt_absorbed":800,"minecraft:play_time":172901,"minecraft:walk_under_water_one_cm":29352,"minecraft:deaths":4,"minecraft:sneak_time":2593,"minecraft:boat_one_cm":14057,"minecraft:jump":953,"minecraft:walk_on_water_one_cm":52751,"minecraft:total_world_time":172901,"minecraft:play_record":5,"minecraft:tune_noteblock":1,"minecraft:time_since_rest":18807,"minecraft:damage_taken":5317,"minecraft:damage_absorbed":6220,"minecraft:minecart_one_cm":51741,"minecraft:damage_dealt":14002,"minecraft:swim_one_cm":24949,"minecraft:fly_one_cm":363794,"minecraft:open_chest":26,"minecraft:crouch_one_cm":4557,"minecraft:interact_with_smoker":1,"minecraft:fall_one_cm":24955},"minecraft:picked_up":{"minecraft:allium":1,"soulsweapons:moonstone":2,"minecraft:stone_brick_wall":5,"magicmirror:magic_mirror":1,"anim_guns:lmg_ammo_box":65,"minecraft:moss_carpet":4,"minecraft:iron_axe":1,"graveyard:sarcophagus":1,"soulsweapons:chungus_disc":1,"torchesntrinkets:lantern_belt":2,"anim_guns:lmg_minigun":2,"minecraft:cobbled_deepslate":9,"bosses_of_mass_destruction:soul_star":4,"minecraft:azalea":19,"minecraft:minecart":4,"hangglider:hang_glider":1,"minecraft:phantom_membrane":1,"minecraft:dark_oak_sapling":1,"minecraft:torch":7,"bosses_of_mass_destruction:void_thorn":2,"minecraft:redstone":1,"minecraft:arrow":1,"minecraft:rotten_flesh":40,"magistuarmory:steel_ingot":2,"artifacts:cross_necklace":1,"minecraft:mutton":2,"morebows:diamond_bow":1,"minecraft:snowball":113,"minecraft:white_wool":1,"minecraft:cobblestone":5,"minecraft:magma_cream":2,"minecraft:feather":2,"bosses_of_mass_destruction:charged_ender_pearl":1,"minecraft:golden_carrot":1,"minecraft:flint":65,"minecraft:tuff":6,"minecraft:lily_pad":9,"morebows:frost_bow":1,"minecraft:lapis_lazuli":1,"minecraft:dirt":2,"minecraft:bone":6,"minecraft:stone_bricks":4,"minecraft:bow":1,"minecraft:wheat_seeds":9,"minecraft:raw_gold":12,"minecraft:spore_blossom":1,"torchesntrinkets:torch_belt":1,"soulsweapons:crucible_sword":1,"minecraft:powered_rail":1,"niftycarts:supply_cart":1,"minecraft:moss_block":17,"minecraft:flowering_azalea":4,"minecraft:soul_sand":1,"minecraft:sweet_berries":8,"bosses_of_mass_destruction:crystal_fruit":3,"minecraft:gravel":10,"simplyswords:gold_warglaive":1,"minecraft:spider_eye":2,"soulsweapons:darkin_blade":1,"artifacts:helium_flamingo":2,"minecraft:purple_bed":4,"aquamirae:music_disc_forsaken_drownage":1,"minecraft:diamond":5,"minecraft:golden_apple":14,"soulsweapons:guts_sword":1,"graveyard:incarnated_evil_music_disc":1,"minecraft:netherite_hoe":1},"minecraft:mined":{"minerally:deepslate_gold_pile_0":1,"minerally:deepslate_gold_pile_1":1,"minecraft:tuff":7,"minerally:deepslate_diamond_crystal_0":1,"minecraft:moss_block":23,"minerally:deepslate_lapis_pile_0":1,"minecraft:large_fern":1,"minerally:deepslate_lapis_pile":1,"minecraft:spore_blossom":1,"minerally:deepslate_diamond_crystal":1,"bosses_of_mass_destruction:void_blossom":10,"minecraft:cobbled_deepslate":3,"minecraft:moss_carpet":3,"soulsweapons:moonstone_ore_deepslate":2,"minecraft:dirt_path":2,"minecraft:cave_vines":1,"minerally:deepslate_gold_pile":1,"minerally:deepslate_diamond_crystal_1":1,"minecraft:azalea":28,"minecraft:deepslate_redstone_ore":2,"minecraft:flowering_azalea":4,"minecraft:powder_snow":1,"minecraft:tall_grass":17,"bosses_of_mass_destruction:vine_wall":3,"minecraft:wall_torch":4,"minecraft:purple_bed":4,"minecraft:powered_rail":1,"minecraft:ice":6,"minecraft:sweet_berry_bush":1,"minerally:iron_rock":1,"minecraft:grass":55,"minecraft:gravel":10,"minerally:deepslate_lapis_pile_1":1,"minecraft:deepslate":7,"minecraft:fern":1},"minecraft:crafted":{"fleshz:rotten_leather":48,"minecraft:flint_and_steel":1},"minecraft:used":{"minecraft:moss_block":1,"graveyard:candle_holder":5,"graveyard:skull_on_pike":1,"graveyard:sarcophagus":1,"minecraft:flint_and_steel":1,"graveyard:creeper_skeleton":1,"graveyard:wither_bone_remains":1,"morebows:diamond_bow":49,"soulsweapons:darkmoon_longbow":1,"soulsweapons:crucible_sword":306,"minecraft:stone":18,"minecraft:zombie_spawn_egg":1,"graveyard:pedestal":2,"niftycarts:plow":2,"minecraft:torch":7,"minecraft:dirt":4,"aquamirae:music_disc_forsaken_drownage":1,"aquamirae:spinefish_spawn_egg":1,"aquamirae:golden_moth_spawn_egg":1,"minecraft:diamond_helmet":1,"minecraft:tuff":6,"artifacts:mimic_spawn_egg":1,"eldritch_end:tentacle_spawn_egg":1,"soulsweapons:hunter_pistol":1,"minecraft:villager_spawn_egg":2,"handcrafted:dark_oak_couch":1,"soulsweapons:kraken_slayer":1,"morebows:frost_bow":11,"soulsweapons:guts_sword":33,"magistuarmory:diamond_chainmorgenstern":9,"minecraft:item_frame":1,"minecraft:diamond_chestplate":1,"minecraft:golden_carrot":1,"magistuarmory:heavy_crossbow":1,"minecraft:minecart":3,"minecraft:cooked_beef":35,"minecraft:cobbled_deepslate":3,"minecraft:calcite":15,"eldritch_end:undead_tentacle_spawn_egg":1,"graveyard:wither_torso_pile":1,"minecraft:zombie_horse_spawn_egg":1,"graveyard:bone_remains":3,"soulsweapons:darkin_blade":9,"minecraft:diamond_boots":1,"minecraft:powered_rail":1,"minecraft:oak_planks":28,"the_bumblezone:stinger_spear":20,"morebows:iron_bow":99,"niftycarts:supply_cart":2,"aquamirae:eel_spawn_egg":2,"graveyard:dark_iron_bars":28,"the_bumblezone:stingless_bee_helmet_1":1,"graveyard:ossuary":1,"niftycarts:animal_cart":2,"minecraft:golden_apple":14,"graveyard:skull_with_rib_cage":1,"eldritch_end:dendler_spawn_egg":2,"aquamirae:tortured_soul_spawn_egg":1,"minecraft:crossbow":2,"aquamirae:frozen_chest":1,"minecraft:note_block":1,"magistuarmory:noble_sword":6,"magistuarmory:longbow":57,"aquamirae:pillagers_patrol_spawn_egg":1,"graveyard:skull_pile":1,"minecraft:diamond_pickaxe":53,"deeperdarker:warden_sword":6,"eldritch_end:aberration_spawn_egg":1,"minecraft:gravel":10,"graveyard:dark_iron_door":1,"ribbits:mossy_oak_door":1,"soulsweapons:gatling_gun":21,"graveyard:wither_skeleton_hand":3,"graveyard:incarnated_evil_music_disc":1,"graveyard:leaning_wither_skeleton":2,"graveyard:upper_bone_staff":7,"fleshz:wood_rack":1,"minecraft:purple_bed":4,"aquamirae:music_disc_horizon":1,"bosses_of_mass_destruction:charged_ender_pearl":2,"magistuarmory:tin_katzbalger":6,"soulsweapons:hunter_cannon":12,"minecraft:diamond_leggings":1,"minecraft:jukebox":2,"minecraft:splash_potion":2,"soulsweapons:chungus_disc":2}},"DataVersion":3465}