{"stats":{"minecraft:dropped":{"magistuarmory:longbow":1,"magistuarmory:kastenbrust_boots":1,"anim_guns:lmg_ammo_box":65,"soulsweapons:guts_sword":1,"magistuarmory:kastenbrust_chestplate":1,"simplyswords:gold_warglaive":1,"magistuarmory:grand_bascinet":1,"soulsweapons:crucible_sword":1,"magistuarmory:kastenbrust_leggings":1,"anim_guns:lmg_minigun":2},"minecraft:killed":{"minecraft:phantom":3},"minecraft:custom":{"minecraft:time_since_rest":34506,"minecraft:sprint_one_cm":478,"minecraft:walk_one_cm":41797,"minecraft:mob_kills":3,"minecraft:drop":12,"minecraft:fly_one_cm":24052,"minecraft:crouch_one_cm":1238,"minecraft:play_time":34506,"minecraft:sneak_time":388,"minecraft:jump":20,"minecraft:leave_game":5,"minecraft:time_since_death":34506,"minecraft:walk_on_water_one_cm":77,"minecraft:total_world_time":34506},"minecraft:picked_up":{"minecraft:dark_oak_sapling":1,"minecraft:allium":1,"minecraft:feather":2,"simplyswords:gold_warglaive":1,"minecraft:lily_pad":9,"anim_guns:lmg_ammo_box":65,"minecraft:redstone":1,"minecraft:bone":3,"minecraft:rotten_flesh":6,"minecraft:bow":1,"anim_guns:lmg_minigun":2,"minecraft:raw_gold":9,"soulsweapons:guts_sword":1,"niftycarts:supply_cart":1,"minecraft:netherite_hoe":1,"morebows:diamond_bow":1},"minecraft:used":{"soulsweapons:hunter_pistol":1,"morebows:diamond_bow":49,"the_bumblezone:stinger_spear":20,"niftycarts:supply_cart":2,"the_bumblezone:stingless_bee_helmet_1":1,"niftycarts:plow":2,"niftycarts:animal_cart":2,"soulsweapons:gatling_gun":21,"magistuarmory:heavy_crossbow":1,"soulsweapons:hunter_cannon":12,"magistuarmory:longbow":11}},"DataVersion":3465}