{"stats":{"minecraft:dropped":{"soulsweapons:darkin_blade":2,"torchesntrinkets:lantern_belt":3,"minecraft:cooked_beef":10,"anim_guns:lmg_ammo_box":130,"aquamirae:music_disc_forsaken_drownage":1,"anim_guns:heavy_rifle_cartridge":64,"magistuarmory:grand_bascinet":1,"simplyswords:gold_warglaive":2,"magistuarmory:kastenbrust_leggings":1,"magistuarmory:longbow":1,"aquamirae:frozen_chest":1,"magistuarmory:kastenbrust_boots":1,"soulsweapons:guts_sword":1,"anim_guns:heavy_handgun_cartridge":64,"magistuarmory:kastenbrust_chestplate":1,"soulsweapons:crucible_sword":1,"torchesntrinkets:torch_belt":1,"anim_guns:lmg_minigun":4,"anim_guns:standard_handgun_cartridge":64,"anim_guns:shotgun_shell":64,"aquamirae:music_disc_horizon":1},"minecraft:killed":{"minecraft:phantom":3,"minecraft:sheep":1,"minecraft:zombie":3},"minecraft:custom":{"minecraft:interact_with_smithing_table":1,"minecraft:mob_kills":7,"minecraft:play_record":5,"minecraft:tune_noteblock":1,"minecraft:leave_game":11,"minecraft:time_since_death":73292,"minecraft:time_since_rest":73292,"minecraft:sprint_one_cm":14129,"minecraft:walk_one_cm":128838,"minecraft:drop":41,"minecraft:damage_dealt":1066,"minecraft:fly_one_cm":51879,"minecraft:open_chest":7,"minecraft:crouch_one_cm":2827,"minecraft:play_time":73292,"minecraft:sneak_time":774,"minecraft:walk_under_water_one_cm":21595,"minecraft:boat_one_cm":1,"minecraft:jump":72,"minecraft:walk_on_water_one_cm":6357,"minecraft:total_world_time":73292},"minecraft:picked_up":{"minecraft:feather":2,"minecraft:allium":1,"minecraft:lily_pad":9,"anim_guns:lmg_ammo_box":65,"graveyard:sarcophagus":1,"minecraft:bone":3,"soulsweapons:chungus_disc":1,"torchesntrinkets:lantern_belt":2,"minecraft:bow":1,"anim_guns:lmg_minigun":2,"minecraft:raw_gold":9,"torchesntrinkets:torch_belt":1,"niftycarts:supply_cart":1,"minecraft:dark_oak_sapling":1,"simplyswords:gold_warglaive":1,"minecraft:redstone":1,"soulsweapons:darkin_blade":1,"minecraft:rotten_flesh":39,"aquamirae:music_disc_forsaken_drownage":1,"soulsweapons:guts_sword":1,"graveyard:incarnated_evil_music_disc":1,"minecraft:netherite_hoe":1,"morebows:diamond_bow":1},"minecraft:mined":{"minecraft:ice":4},"minecraft:crafted":{"fleshz:rotten_leather":48},"minecraft:used":{"minecraft:calcite":12,"minecraft:zombie_horse_spawn_egg":1,"graveyard:wither_torso_pile":1,"graveyard:bone_remains":3,"graveyard:candle_holder":5,"graveyard:skull_on_pike":1,"soulsweapons:darkin_blade":9,"graveyard:sarcophagus":1,"graveyard:creeper_skeleton":1,"graveyard:wither_bone_remains":1,"minecraft:oak_planks":2,"morebows:diamond_bow":49,"the_bumblezone:stinger_spear":20,"niftycarts:supply_cart":2,"aquamirae:eel_spawn_egg":2,"minecraft:stone":18,"minecraft:zombie_spawn_egg":1,"graveyard:dark_iron_bars":28,"the_bumblezone:stingless_bee_helmet_1":1,"graveyard:ossuary":1,"graveyard:pedestal":2,"niftycarts:animal_cart":2,"niftycarts:plow":2,"graveyard:skull_with_rib_cage":1,"aquamirae:music_disc_forsaken_drownage":1,"aquamirae:golden_moth_spawn_egg":1,"aquamirae:spinefish_spawn_egg":1,"aquamirae:tortured_soul_spawn_egg":1,"aquamirae:frozen_chest":1,"minecraft:note_block":1,"magistuarmory:noble_sword":6,"magistuarmory:longbow":11,"aquamirae:pillagers_patrol_spawn_egg":1,"soulsweapons:hunter_pistol":1,"graveyard:skull_pile":1,"minecraft:villager_spawn_egg":2,"graveyard:dark_iron_door":1,"graveyard:wither_skeleton_hand":3,"soulsweapons:gatling_gun":21,"graveyard:leaning_wither_skeleton":2,"graveyard:incarnated_evil_music_disc":1,"graveyard:upper_bone_staff":7,"fleshz:wood_rack":1,"magistuarmory:heavy_crossbow":1,"aquamirae:music_disc_horizon":1,"soulsweapons:hunter_cannon":12,"minecraft:jukebox":2,"minecraft:splash_potion":2,"soulsweapons:chungus_disc":2}},"DataVersion":3465}