{"stats":{"minecraft:dropped":{"magicmirror:magic_mirror":1,"bosses_of_mass_destruction:charged_ender_pearl":1,"soulsweapons:darkin_blade":3,"torchesntrinkets:lantern_belt":3,"anim_guns:amr_classic":1,"minecraft:cooked_beef":10,"anim_guns:lmg_ammo_box":130,"aquamirae:music_disc_forsaken_drownage":1,"anim_guns:heavy_rifle_cartridge":123,"magistuarmory:grand_bascinet":1,"simplyswords:gold_warglaive":2,"minecraft:cobblestone":5,"minecraft:rotten_flesh":1,"magistuarmory:kastenbrust_leggings":1,"minecraft:flint":1,"magistuarmory:longbow":1,"magistuarmory:bear_decoration":1,"aquamirae:frozen_chest":1,"magistuarmory:kastenbrust_boots":1,"artifacts:helium_flamingo":1,"soulsweapons:guts_sword":1,"anim_guns:heavy_handgun_cartridge":128,"magistuarmory:kastenbrust_chestplate":1,"artifacts:cross_necklace":1,"minecraft:snowball":111,"magistuarmory:steel_ingot":2,"soulsweapons:crucible_sword":1,"torchesntrinkets:torch_belt":1,"minecraft:phantom_membrane":1,"anim_guns:standard_rifle_cartridge":64,"anim_guns:lmg_minigun":4,"minecraft:white_wool":1,"anim_guns:standard_handgun_cartridge":64,"anim_guns:shotgun_shell":64,"morebows:frost_bow":1,"aquamirae:music_disc_horizon":1},"minecraft:killed":{"minecraft:creeper":1,"minecraft:phantom":9,"minecraft:skeleton":1,"minecraft:sheep":1,"minecraft:zombie":5,"artifacts:mimic":1},"minecraft:custom":{"minecraft:interact_with_smithing_table":1,"minecraft:mob_kills":19,"minecraft:play_record":5,"minecraft:tune_noteblock":1,"minecraft:leave_game":12,"minecraft:time_since_death":1171,"minecraft:time_since_rest":1306,"minecraft:damage_absorbed":593,"minecraft:sprint_one_cm":48294,"minecraft:damage_taken":1594,"minecraft:walk_one_cm":283737,"minecraft:drop":250,"minecraft:damage_dealt":3139,"minecraft:deaths":1,"minecraft:swim_one_cm":137,"minecraft:fly_one_cm":121827,"minecraft:open_chest":25,"minecraft:crouch_one_cm":3063,"minecraft:play_time":124901,"minecraft:sneak_time":1052,"minecraft:walk_under_water_one_cm":24423,"minecraft:boat_one_cm":14057,"minecraft:jump":225,"minecraft:walk_on_water_one_cm":46033,"minecraft:interact_with_smoker":1,"minecraft:total_world_time":124901,"minecraft:fall_one_cm":5557},"minecraft:picked_up":{"minecraft:feather":2,"minecraft:allium":1,"bosses_of_mass_destruction:charged_ender_pearl":1,"minecraft:golden_carrot":1,"minecraft:stone_brick_wall":5,"minecraft:flint":65,"magicmirror:magic_mirror":1,"minecraft:lily_pad":9,"anim_guns:lmg_ammo_box":65,"morebows:frost_bow":1,"graveyard:sarcophagus":1,"minecraft:bone":6,"soulsweapons:chungus_disc":1,"minecraft:stone_bricks":4,"torchesntrinkets:lantern_belt":2,"minecraft:bow":1,"anim_guns:lmg_minigun":2,"bosses_of_mass_destruction:soul_star":4,"minecraft:raw_gold":9,"torchesntrinkets:torch_belt":1,"niftycarts:supply_cart":1,"minecraft:phantom_membrane":1,"minecraft:dark_oak_sapling":1,"minecraft:sweet_berries":8,"minecraft:torch":7,"minecraft:gravel":10,"simplyswords:gold_warglaive":1,"minecraft:redstone":1,"artifacts:helium_flamingo":1,"soulsweapons:darkin_blade":1,"minecraft:arrow":1,"magistuarmory:steel_ingot":2,"minecraft:rotten_flesh":40,"aquamirae:music_disc_forsaken_drownage":1,"artifacts:cross_necklace":1,"minecraft:mutton":2,"soulsweapons:guts_sword":1,"graveyard:incarnated_evil_music_disc":1,"minecraft:white_wool":1,"minecraft:netherite_hoe":1,"minecraft:snowball":111,"morebows:diamond_bow":1,"minecraft:cobblestone":5},"minecraft:mined":{"minecraft:powder_snow":1,"minecraft:wall_torch":4,"minecraft:sweet_berry_bush":1,"minecraft:ice":6,"minecraft:gravel":10},"minecraft:crafted":{"fleshz:rotten_leather":48,"minecraft:flint_and_steel":1},"minecraft:used":{"minecraft:calcite":15,"minecraft:zombie_horse_spawn_egg":1,"graveyard:wither_torso_pile":1,"graveyard:bone_remains":3,"graveyard:candle_holder":5,"graveyard:skull_on_pike":1,"soulsweapons:darkin_blade":9,"graveyard:sarcophagus":1,"minecraft:flint_and_steel":1,"graveyard:creeper_skeleton":1,"graveyard:wither_bone_remains":1,"minecraft:oak_planks":28,"morebows:diamond_bow":49,"soulsweapons:darkmoon_longbow":1,"morebows:iron_bow":99,"the_bumblezone:stinger_spear":20,"niftycarts:supply_cart":2,"aquamirae:eel_spawn_egg":2,"minecraft:stone":18,"minecraft:zombie_spawn_egg":1,"graveyard:dark_iron_bars":28,"the_bumblezone:stingless_bee_helmet_1":1,"graveyard:ossuary":1,"graveyard:pedestal":2,"niftycarts:animal_cart":2,"niftycarts:plow":2,"minecraft:torch":7,"graveyard:skull_with_rib_cage":1,"aquamirae:music_disc_forsaken_drownage":1,"aquamirae:golden_moth_spawn_egg":1,"aquamirae:spinefish_spawn_egg":1,"aquamirae:tortured_soul_spawn_egg":1,"aquamirae:frozen_chest":1,"minecraft:note_block":1,"magistuarmory:noble_sword":6,"artifacts:mimic_spawn_egg":1,"magistuarmory:longbow":57,"aquamirae:pillagers_patrol_spawn_egg":1,"soulsweapons:hunter_pistol":1,"graveyard:skull_pile":1,"minecraft:villager_spawn_egg":2,"handcrafted:dark_oak_couch":1,"soulsweapons:kraken_slayer":1,"deeperdarker:warden_sword":6,"morebows:frost_bow":11,"soulsweapons:guts_sword":33,"ribbits:mossy_oak_door":1,"minecraft:gravel":10,"minecraft:item_frame":1,"graveyard:dark_iron_door":1,"graveyard:wither_skeleton_hand":3,"soulsweapons:gatling_gun":21,"graveyard:leaning_wither_skeleton":2,"graveyard:incarnated_evil_music_disc":1,"graveyard:upper_bone_staff":7,"minecraft:golden_carrot":1,"fleshz:wood_rack":1,"magistuarmory:heavy_crossbow":1,"bosses_of_mass_destruction:charged_ender_pearl":2,"aquamirae:music_disc_horizon":1,"soulsweapons:hunter_cannon":12,"minecraft:cooked_beef":17,"minecraft:jukebox":2,"minecraft:splash_potion":2,"soulsweapons:chungus_disc":2}},"DataVersion":3465}