{"stats":{"minecraft:dropped":{"magistuarmory:longbow":1,"aquamirae:frozen_chest":1,"magistuarmory:kastenbrust_boots":1,"anim_guns:lmg_ammo_box":130,"anim_guns:heavy_handgun_cartridge":64,"aquamirae:music_disc_forsaken_drownage":1,"anim_guns:heavy_rifle_cartridge":64,"soulsweapons:guts_sword":1,"magistuarmory:grand_bascinet":1,"simplyswords:gold_warglaive":2,"magistuarmory:kastenbrust_chestplate":1,"soulsweapons:crucible_sword":1,"magistuarmory:kastenbrust_leggings":1,"anim_guns:lmg_minigun":4,"anim_guns:shotgun_shell":64,"anim_guns:standard_handgun_cartridge":64,"aquamirae:music_disc_horizon":1},"minecraft:killed":{"minecraft:phantom":3},"minecraft:custom":{"minecraft:time_since_rest":55543,"minecraft:interact_with_smithing_table":1,"minecraft:sprint_one_cm":4335,"minecraft:walk_one_cm":99807,"minecraft:mob_kills":3,"minecraft:drop":25,"minecraft:damage_dealt":57,"minecraft:play_record":2,"minecraft:tune_noteblock":1,"minecraft:fly_one_cm":38085,"minecraft:open_chest":7,"minecraft:crouch_one_cm":2646,"minecraft:play_time":55543,"minecraft:sneak_time":675,"minecraft:jump":37,"minecraft:leave_game":7,"minecraft:time_since_death":55543,"minecraft:walk_on_water_one_cm":77,"minecraft:total_world_time":55543},"minecraft:picked_up":{"minecraft:dark_oak_sapling":1,"minecraft:allium":1,"minecraft:feather":2,"simplyswords:gold_warglaive":1,"minecraft:lily_pad":9,"anim_guns:lmg_ammo_box":65,"minecraft:redstone":1,"minecraft:bone":3,"minecraft:rotten_flesh":38,"aquamirae:music_disc_forsaken_drownage":1,"minecraft:bow":1,"anim_guns:lmg_minigun":2,"minecraft:raw_gold":9,"soulsweapons:guts_sword":1,"niftycarts:supply_cart":1,"minecraft:netherite_hoe":1,"morebows:diamond_bow":1},"minecraft:mined":{"minecraft:ice":4},"minecraft:crafted":{"fleshz:rotten_leather":48},"minecraft:used":{"minecraft:calcite":12,"soulsweapons:hunter_pistol":1,"minecraft:zombie_horse_spawn_egg":1,"minecraft:villager_spawn_egg":2,"minecraft:oak_planks":1,"morebows:diamond_bow":49,"the_bumblezone:stinger_spear":20,"niftycarts:supply_cart":2,"aquamirae:eel_spawn_egg":2,"minecraft:zombie_spawn_egg":1,"the_bumblezone:stingless_bee_helmet_1":1,"niftycarts:animal_cart":2,"niftycarts:plow":2,"soulsweapons:gatling_gun":21,"aquamirae:music_disc_forsaken_drownage":1,"fleshz:wood_rack":1,"aquamirae:golden_moth_spawn_egg":1,"aquamirae:spinefish_spawn_egg":1,"aquamirae:tortured_soul_spawn_egg":1,"magistuarmory:heavy_crossbow":1,"aquamirae:music_disc_horizon":1,"aquamirae:frozen_chest":1,"soulsweapons:hunter_cannon":12,"minecraft:note_block":1,"magistuarmory:longbow":11,"minecraft:jukebox":1,"aquamirae:pillagers_patrol_spawn_egg":1}},"DataVersion":3465}